site_id,frequency
00255fb4,423
003cf93d,72
011b0fda,17
0129a661,160
0213b620,16
02ffe73f,46
030440fe,11763
030f5447,15
037e2e14,1518
03cecb5d,2145
03e8af6b,12
04773863,148
04c9328e,1
05860e71,16
060309a2,159
06e498e7,2
077f03d9,1
08108017,3
089cd95b,3165
09d92f34,416
09e16ed8,180
0a0ae094,170
0a647e36,973
0b8f2e7a,65
0c53e15b,12
0c6d089f,52
0c7296a6,780
0d1917c4,36
0ed75ebe,6797
0f6673ed,5
10bf458f,1072
11b99737,745
12fb4121,192890
13688726,1
14ec6216,1228
1685b0a8,134
16874c6c,51
16df9adb,48
178661e3,1
178e76ed,9
19f5aee5,6
1c144425,1
1c16ca0e,20
1c82a473,351
1cf389e2,1315
1d1a1cc7,27
1da7e9c6,354
1ec7c24b,54
1f2d9473,6
1fb9af42,245
204c19b6,3
20cfb015,916
23797cea,12
24fa9ab1,10
25808c1a,20
262bf5a2,1
26fa1946,77557
27318110,1
27d665a4,5
2824a42d,1470
28599523,331
28c18e11,12
2a384a5d,18
2b4d5c50,4
2c25948e,25
2cba470b,1
2cf43c2d,5
2dc42bde,2443
2dfdf765,514
2f19f7f2,2102
32207e7a,13
323df3e7,1
3283e407,7
336eb87f,2
33bf7a28,2
33cac5eb,1
366cf12a,228
3a853d01,32
3aed969a,2
3b3f9711,632
3cba9fc9,2
3cc13dee,1083
3d374724,4
3e8f0647,8
3f98b5a4,2304
3fbef007,1156
41fb5282,106
4217f5cd,37
429a1f33,9
43a537d5,5
43d6df75,73814
4476c0ae,5
447a046d,26
45b9da38,47
4667ed40,50
46713f86,3
46f599b1,90
47d1a0f2,7294
49a9cc1a,2
4a777a59,2
4b0282c8,77
4be6bfbb,2
4d23517f,27
4e7614cf,87644
4f9e41f2,27
500400f8,12
5070e53c,6744
5114c672,165486
513194f8,3
51a30b1c,3
52e02e2a,4
57081af1,1
570fe027,40
57b8d0c5,33
58769b5e,5
5a7d0d17,5
5af89ef1,1
5ba2c590,1
5c6f356c,871
5ca99928,2
5d7d9b5f,1
5f544173,212
5f85bcd3,5
60089564,33
60837d57,242
60893b7e,5
62264946,297
62bbfc00,9
6399eda6,343703
64a88c69,26
658ae7ec,554
689a4f4c,559
68fd9b56,398
69919840,26
69e5a8cf,1
6a76c949,2
6b06f663,16
6b671654,1
6b8f7658,168
6bafb3c4,510
6c5b482c,191220
6ddf0cfe,6014
6e797b6d,42
6ee33876,83
6f484d66,2
7047cf33,2
7211dcb5,445
727e79e2,6285
72eac7c5,1
741de300,9
7621bb32,5
77c3d0d6,1
77eb4afc,319
794643bb,4
79f8e384,966
7b4b28fc,130
7c9acf20,5
80c0bddc,15
814b0498,24
81a4dc25,11
825e35ab,375
82975e08,4
837faadc,3
84b8986b,171
851cabf6,14
864667cc,1803
873f83ed,2
89733a19,1
89da173a,1
8a12c237,7
8a2d2abd,55
8c1d415f,98
8c27b45a,1
8cd4c81e,13
8d11a45d,1
8d53f28f,314
8e449168,98
9010c525,92
92fa1eaf,2676
93a197f8,9
94440a23,1258
945cd90c,5
94cf57e6,503
94ff9aef,485
95b98d6a,28
95ccd1c8,20
95cfa3ba,27
96822031,2
9782d407,1
97b6e615,5133
97ecc91a,6
9822cdb9,1
996b74ab,10
999de637,8
9a28a858,19218
9ac98ffa,1
9b6217ea,1
9c842148,1311
9d5dba0f,21283
9dae76b9,84
9e72247e,3
9e935b43,1
9ee22e1a,11
a001989c,209
a18ebdf5,14
a1b948b8,4943
a2514528,1588
a27e3a64,2
a2c4e853,4
a31df9ce,57
a36d1129,32
a4145521,1
a44c6bf8,9
a46db3db,8
a4dc6905,150
a51c23f0,498
a5c61f92,42
a6d24c08,2
a814a754,1
a89f20a0,10
a8f0cf05,2943
a92af640,1
a9b19f81,4
aacdc6bb,38
ab4f2854,38
ad639ab8,297
ae3979bf,5
ae4cedb1,13
af18b5e0,71
af976e25,6914
aff3b87b,87
b0d1ffaf,6
b2ffec42,1374
b352d9e2,368
b6378215,6
b6bd4c1e,3
b6d81620,170
b78091bd,8
b7e9786d,369099
b815efa6,32
b8cabd8d,1
b9b31250,2365
b9ba1868,365
ba387e11,24
ba5de683,3
ba61f673,1
ba8f6070,601
bc0ea732,1
bcba9690,17
bd5c7b9a,62
bf2c3f95,6
bf575090,9
bf605f23,724
bf61c2e9,2
bf991633,1152
bfc98154,22
c01287ae,3006
c040c1dd,531
c04bee75,1373
c2c7dac1,52
c30b87cb,31
c3f4c787,303
c5e82450,2
c65c4fc4,10058
c66bd8cf,4
c6c5e71c,9
c6f0694e,298
c71b00e4,1
c74a3497,1
c7722f88,1
c80f37c7,1
c9503483,24
cbb1371c,465
cc3919ad,2
cc8dbca4,18
cca83748,4
cd64a9db,1176
cdb27e25,3
cdbd1988,1
cea97562,647
cf58caf4,835
cfac8157,4
d020d197,717
d068b03b,1
d1506c3e,18
d29f6d5b,5214
d381b72d,42
d4361108,85
d61df48c,465
d70360ea,6203
d7288ceb,6
d7660b73,3
d7d15d04,212
d7d3e3c5,73
d82b28e5,415
d88c18b2,4
d8bb8687,43802
d8e6402c,300
d93c45be,2
d946355b,201
db296045,572
dd20a777,1
dd98f83f,66
de0e0ed4,1775
dec9fd3e,1
dff19ed7,1
e030b8dc,17891
e0afe189,12
e1fb59b8,32
e2547d3b,8987
e4349e3c,39
e48de5a7,1
e490ec9b,1
e4e7d82a,2
e54b036a,1712
e5541fbe,75
e5813398,6
e59ef3fc,24018
e5b1c523,1363
e6166da6,2224
e66059ea,1834
e6972b91,1887
e8adaa99,111
e8f79e60,259289
e9911286,815
e9b5f108,9
ea63007f,34
ebcb8d04,97
ebcccde1,11
ec59017a,430
ecf90e24,137
ed779c69,1
ed7aedbf,6
edc21329,27
ee4e7db8,353
ef120d83,6
f09a658f,1985
f0ee33c5,31145
f160d53f,584
f28a1940,41
f2a59092,1
f48efa3d,153
f4959604,22388
f8ee506a,2
f908f7e6,335
fd7011c5,1108
fda21062,94
fded1086,2
fe1a01f6,3
fe68d958,332
fe9c7f90,38
feb793b0,69
ffcff165,747
00da5a8a,20
00f5367d,79
00f7c6fc,96
011e5414,1460
0126d590,7
02a66025,750
032457fb,11
0580e11e,40
07889b01,14
078d3465,16
0854eadf,1
08a02feb,1
08d15fe7,2
095abd1d,671
09c816c8,14
09ffd882,33
0a82315d,1
0afe1d37,10
0c1f36c6,3
0c94ecac,13
0d482273,5
0d99d205,3
0e1d2cf7,9
0ec2b8a9,14
11765359,1
117d4d05,178
11995fc2,172
15203e9d,141
1561bfe7,24
16577ea5,16
17a9a9bb,627
1804fb7c,1
1970c201,27
198f3f8c,7823
1b249628,380
1b84e3e3,25
1d09c3e0,9
1e9bd9a8,257
1f25f346,8
1f39d532,57
1f9b93d1,77
20bb0879,507
20e7d3cc,2436
223a77aa,5
22a5784e,78
2372e7d4,61
23756717,10
239adfaf,2594
23c005df,17
24e8046c,138
25134838,27
2640e3f2,2250
278f8f77,75
27bcac88,21
27e9adbe,2
2830cc55,3
292ec819,6
29a44004,1
29fac11c,424
2c70834c,253
2cf25b08,23
2d6a375a,6
2e1e57b2,31
2e402bc9,4171
2f263f08,554
2f635482,811
2fe7bc81,807
30a9cd52,2
3180f431,86
325dbe14,12536
3282df8e,2
32dd07e6,658
337638fb,175
337f7709,19
33b3b7dd,6
34855652,1236
34b51b59,506
3536fe5f,584
36843b4d,219
3695113d,675
37189abe,298
3763236d,14
37f72a0e,4
39bd5ac6,37
3a2bf04a,20
3b2f27e2,1
3b612913,2019
3b91ce35,58
3bc10876,10
3bc3629e,2
3c0db4cc,269
3ccf5329,1822
3d285067,25
3d43be4c,61
3d81a53a,1
3dd5f4e7,8273
3f4c44a7,136
3f7c99d7,71
3fb8684a,221
40d8917f,128
40f05855,265
41066c31,39
42d8bc30,19
432bfe2d,26
434c77d9,9
44b1927f,32
44dfe3b3,13
45b4742c,1
47548733,491
477c292b,33
47b1201a,54
48b4dcd3,949
49cecead,28
4c391571,10713
4e864776,447
4f0a57a8,39
4fc10cbb,12
50244fd7,8
506962ea,1
517b8671,54512
539ea3bf,1
53a616b5,7
53ff5aa8,2
5440d6b2,15
54e84217,10
551f77ce,216
56e42b1c,82
57292b7c,41
58539a51,1
5921638e,3166
5a61a08f,302
5b787406,40851
5c16c534,435
5c3cf4a7,4
5cd9c54b,8
5de7a54e,658
5e44f66a,1526
5f93de7c,521
5fd2d76a,1
60025c22,3
60efd545,6534
6188fdec,277
629fa55d,273
62d904a6,3
645c8ecd,3
64e14cc6,5
654831c2,212
655a5bee,1
65964c45,1
665fd407,101
66d9417f,4
675e9f6f,17
685763e4,6
68b9596f,19
68cf09a3,4420
68d2045d,5
69e4fb8e,1039
6bb466a1,16
6c276dc3,36
6c951a36,25
6d9ca40a,19
6dd700ba,1082
6eb6ebcf,24
6f03c1b6,13
7034b859,591
706c4398,4
7088eee7,1
73747544,726
76287dbe,1
7658658f,29
777289ac,1584
77f256f9,3
781695fb,3
79269cff,147
79577261,41
7a55f5d0,685
7b25cafb,4
7b3c6d3f,3
7b8dd9d1,1
7cec4317,83
7dce554c,440
7e41c2d2,118
7f4b0183,8
7f6f1a2a,5
7fbb1b8d,8
802ba066,507
80da56a4,7
80e454ae,1530
811a890a,586
82530cba,32
8287a32c,35
844197c5,1016
86417e63,1
87affeb6,3
87d9ffd3,1
88070a0e,25
88d232f2,4471
89a56180,318
89c3d2bf,46
89e4481e,61
8ad7a49f,29
8c4c98bc,1
8c4d541b,3
8c788ce9,2516
8cc0ecc3,1
8ccaa130,2
8d8581db,4
8db31665,1183
8f2a32f0,11
8f62353f,30
8f8d328c,259
8f99eb13,2
903bebe5,758
9067e809,216
915962cf,134
917fbe65,11
92d78610,37
92e84d37,9
92ed9840,1
93bf7a25,12
942bff76,142
951ad1fd,172
95be0243,4400
9618f706,820
96e83602,1
974163e1,1
97430aa8,2697
99dbd234,1260
99ef8276,1
9df375ca,1830
9f2548ea,122
a10b1ce4,35
a1372924,7196
a1dce904,147
a4a944d7,6
a500ebb5,535
a68c2363,263
a68fa2be,1
a6e7e0d1,2
a6fdf1ec,151
a70adc51,29
a739db4d,1
a7a71ee2,720
a7ce52cc,1003
a8080b1e,1556
a89b9336,62
a89d711a,12
a9780157,695
a9da6fc9,285
aa4cd43b,941
ab24733e,18
abd184ea,201
ac204a9e,1
accaa551,6
adfc7184,5
afc7f4e4,1
afd86813,46
b03fedc9,10544
b0cdfc36,5
b118c80a,28
b25943cc,75
b3e07dd2,194
b58dd3fb,20
b606e7f1,2769
b612cdcb,3
b6bf22a3,65
b6c4d682,64
b7b96991,1
b7dae257,1
b858873a,34
b8eae5f9,49660
b9cf48b8,1
ba7311c2,100
ba9aee1b,89480
baad47dc,202
bb4fdf59,59
bbb771ed,41
bd4ddf60,25
bd595ea4,3502
bdb60aea,39
bf0ffd64,2
c0559643,52
c0914730,33
c255efaf,2
c2cee541,24
c306b25a,212
c3356e84,61
c3fea8f2,1
c4af9354,90
c5003eb5,3
c69425c0,923
c6cc45df,63
c6d4e6cc,1548
c774c424,30
c7a67cd9,112
c7b31dbc,8
c82c647c,41
c88509aa,1
c8862f47,4230
c9639aec,12
ca5d2559,823
ca61c184,106
ca867e3e,45
ca9b09d0,20
cbd162a1,1
cd32cfbe,34
cd9f1c36,1
cde143f8,2
cde322b7,54
ce5d1254,60
ce9d8cd4,297
ceb48a0c,77
cf5b4819,19
d0e1f32c,1
d1e2e94b,11
d2f711b3,92
d342e329,1
d38b2fb9,3236
d410bf4e,1237
d56050bf,2
d61d0658,7
d62c04aa,136
d6588782,61
d6afc658,1
d70e4330,8
d8169629,1
d8239669,28
d924e2d7,17
d9750ee7,963745
da09100d,3
dc1e8b06,10063
dcc82a4e,108
dd359980,533
df91d904,1
df92ad73,1
e0930469,39
e139b348,7001
e2f26a17,899
e3038d50,1
e364d42f,1
e5a0de9c,12
e5b64873,45
e6808cbd,631
e74a589f,4
eb4792c5,4
ebbd9405,123
ec6898f1,4370
ed20607b,3225
ed8896a6,12
ed8cca84,78
ee485e3f,45
eef37994,2
f0397a55,386
f1453ed0,28
f17f716c,2
f1e5d855,282
f291742b,7929
f2ad8eb5,249
f3f31e62,6
f40c278d,2
f4586eab,137
f485afbe,663
f4c9256c,57
f5838e78,36
f759fd28,10
f7fd11d6,3
f8993cdc,1
f95cae09,827
f9da8293,23
f9dc97a5,3
fa6dfd7d,5
fa95a630,4861
fabd5274,48
fb2756f9,957
fb8699e5,524
fb89ea07,2
fb9c6044,10
fe918eeb,6
ff108d09,233
ffc29ba5,64
ffdcedfa,19
01da43f6,117
02546dd5,1118
0329000f,68
0338ff60,150
03b09b9d,4
0562acf2,1
05b69cd5,1330
066e9c72,2
070e7b7d,1
072bd2cd,465
0780fd0f,2
0849db33,1
08b6c760,714
08bbff54,10
0ba1c5e7,26
0be9712b,42
0bf7cf2a,1576
0bf8762a,10
0dcb0b32,14
0e490350,7
0f4e5c55,1
10a59dec,13
1119eeb1,7
15d93b0b,9973
15f3c894,746
172ab066,421
17c95ba2,32
19b0fc8b,213
1a4609fd,579
1b1c7b7f,57
1b694f48,1
1bca7c49,1
1dc57514,3
1ee69d19,6778
1efcc0d9,49
207b1b7f,23
20831b65,3
20e2b21c,10441
23a98147,355
23d265e0,8
263b1fce,14
26ed9e5a,3
28391c05,7
29093a61,1
29cfa778,932
2a99a910,3
2acf67f3,8
2b479dbb,101
2c96d4e4,58
2d636336,21
2db48e91,40
2e969324,1
2ea1177e,129
2ec90635,83
300ede9d,234
30585f9f,1
356d4fe6,1
356df780,1
357f6ee6,2
372301ca,1
37a71c6a,3
37b67342,6
381cd789,308
38217daf,93223
38cd67fc,1373
3adb3df6,115
3c06c8f5,1662
3d127484,4
3d3671f3,133
3d7097f2,77
3eba3abd,113
3f97eae6,751
42038ab6,2115
429c2fda,1114
436ab6ac,254
437e56d0,789
44409436,1
44a0a224,1
44b941cb,102
451bd647,205
46a708ff,73
4702e0b1,6
47cb5f41,2694
48109014,515
4ab40d2b,335
4ad70216,6
4b5c16d2,3
4bcf3b2e,167
4c7f47fc,41
4d1bf758,4926
4d933a39,4426
4ddfa597,2
4de24dd7,647
4e430aa3,4618
50aad368,421
511507e0,39
51444fdb,23
5272eb7b,2635
52d147af,1
533eabb1,1
5366a884,940
54107e7a,4
5418259e,4
557d1198,4
55b05242,24
55bc5e6c,7
5756237e,3283
57cac0bc,100
57f14fba,339
57fc153c,2
583df3a6,1
58da0bdb,2
59073e64,9
5a763686,27
5a90500f,7
5a911cc3,10
5abb07e8,8520
5bcf81a2,340050
5c58741d,2
5c7db25f,3380
5d8ce7b5,2
5ec15946,5
5ee41ff2,349008
5f191c7a,64
5fca0d47,54
606bb8a2,1
60c27cc6,15
60f9b333,1
612edf4f,16
61c3ddfe,61
625c4b79,702
6334aa33,1
6423a528,452
64cea274,1
653d910b,3
656e1ab8,3
664d68dc,369
6825d79c,3335
6855cc16,236
68826a4d,5
69790746,4
6c7e709c,1221
6d74bd69,2
6e77bd0b,67
6ec06dbd,129600
6f736a21,1
6ffc34a5,3
7061cc3e,11
717c02c5,443
7260bca1,38
72fe83ce,2
739196f0,1266
740a9e43,4
74cd5c43,1
75845a45,56
75e2f130,12
75f7901f,1
76274f48,3257
76bb56d6,2565
782a319e,153
78e6730c,1495
796e7ff2,29
79e8e7f2,29
7cd8eead,5433
7d8f71db,28
7dc0b6ef,4
7ec4f2aa,77
7ee66c59,1
7f732b5e,702
7ffbff0b,7
824d71cf,115
827d3fb3,51
82b03dda,1793
8372bbc7,12
83988d26,179
83a0ad1a,268735
84a1d3d2,1246
855e9bb3,2
876e7b18,2113
87a974dc,211
87d3168c,19
87ee32c4,1
8907c166,5990
899e6cd1,1788
89e83611,15
8b765b16,7
8ba3496d,67
8bc65ac9,6
8d8905d8,1
8e4b93dc,483
8f356257,6
8f839fe3,9
8fab8b3f,104
91683772,1
91bb8d0a,18
93de26ae,25236
93e1adb8,2
93f9c9e6,48
94692452,948
949a26f4,2
94c32c4d,30
950efd7e,208
9719d06e,1503
97932481,491
979a929c,15
97ed8166,2
98dbb6dc,132
99366dbe,2
9ad968e8,16
9b124c1e,3866
9e8cf15d,91615
9ec082f8,634
9edede5d,1
9f5773ef,6
9f803d1b,2
9f9c8a16,348
9fe5a9e2,1035
a04d4526,5088
a1da74c0,4143
a29e587e,1
a32c97f3,1692
a33ffa4a,1
a3d3b11b,23
a488987d,541
a49933dc,3547
a4e5dc01,2
a543706e,148
a57d364e,13
a659fe24,2
a838a8a6,391
a8b000d7,48
a9caff76,1
aa4e29f6,471
aa5c4639,412
aac8d5c5,175
ab19422d,819
ab671801,1
acc6cd52,18237
acea2d95,132
ad0f5d83,12
addf1d39,2808
adf2ad98,95
ae21e7ca,5
af54f1b7,2574
afbe12f4,2
b0872d0d,2
b1a3858c,190
b1ab4bd6,10
b3375ecf,4
b4b41771,7
b510532c,2442
b59a5434,8
b5ab6d42,243
b6c78d7a,880
b7c246df,4011
b86d9c1e,294
b93b3c48,244
ba5e2d7b,9
bd040f8e,485
bd4d84ff,1
bd93d7d3,285
bf722fa0,417
bf8e1b00,11
c29eaee8,622
c3063686,1770
c3447b44,1
c35b70ac,8
c613e432,14
c6f4a9e4,3
c7538b68,296
c7b9878c,5
c7e2e6c2,2
c84142bb,4489
c8ca27e5,105
c917e7c4,1
ca74d109,2
caac8bbc,1
cab0f4fd,15
cc232261,4
cd58172f,20726
cd9b9090,2393
d0b957c3,1
d13ee621,91
d145245c,1
d1984409,3
d1ecf3ec,1
d1edd4b0,1899
d422589b,61
d48eb8f6,1116
d4db2fb0,17
d62265e2,52
d68d3461,35
d6f0c11f,474
d7109060,2
d96f98c4,10
db6d3e72,11
db8bb53b,91
db9ec9f0,171
dba6d642,9
dd305d98,327
de4c0509,2190
de9ca5a7,30
de9d46f6,2
df935ad1,15
dfc6489e,6891
dfee6b21,1
e0dfd16b,31
e179d51d,3
e1e2fe19,11
e53bc212,37
e6409ff1,11009
e7711b1b,3
e83803b8,18
e85ffaa5,99
e8b73128,96
e9660540,14
ea34b853,77
eaa03483,1032
eaa48307,16
eb03cca9,674
ebd4ed32,1
ecb897a3,1
ed37f65c,104
ee34d2b3,2287
ee511b55,166
ee8b8550,35770
ef1d64af,3
ef84131c,29
f04d5c61,374
f149c712,8
f203ec22,18
f24f8f98,1
f282ab5a,13903
f28fd69f,2988
f528e1e7,1855
f6cba1bd,37163
f79fedec,15
f82a97e0,190
f8359b2d,8
f888f965,9
f9fde1a3,450
fa43f4ce,18
fb08a55b,14
fb7fe338,1
fe920368,1
fe96dcee,7
ff9840d2,1
009d4d04,9
021ba5c7,45
0273c5ad,4435
02e16f58,49
043ae9f3,74
06ca6ad3,1168
076fd845,57
08cecc8e,26
0aa85766,8
0ad5bf87,3711
0adb684a,621
0b19195c,15
0b689b5c,2
0c5d3b65,20
0ce73ffa,260
0d15f19a,32
0d9938a9,2
0e222a11,5
0eba448f,2
0f30aed6,549
10d31a03,93
1245707e,968
125112e3,260
1289c10f,264
128f165c,872
145c8f08,99
145e74a4,24
146b7aa1,2
149f5c4f,47
14a5a57a,9156
14f4797c,6
14f9b8c5,16
157bb93c,20
15a497fe,15594
1721ff3b,1
178a7b89,66099
17a1026e,1290
17e0805f,5
184caad9,1
18f080c2,8
19a1e5c0,2709
1a070cab,525
1a3a5975,33
1aad97ce,1010
1bc7ceab,35
1d5e8665,3
1f40797f,1698
2049e2bb,7
20fdb45f,1
21422606,2
2282eb9e,68
23923b3e,42
2398553f,1777
24544114,2
258bab19,11
26065e89,13
26ade0c7,1
2761f2e9,3
28cd75af,1
292c5ede,16
2a68aa20,71348
2c4ed2f7,20025
2e8f986d,126
3030e8ea,187
303ba0ee,18
3130d707,306
321c8afb,97
32f3709f,337
33092ec0,3888
337755db,1597
344bdd17,2945
347210c9,1676
3525557b,12
35584290,4664
391f2186,14
395fa97c,17131
399c27ea,93
3a5698de,3
3a66a5a5,177
3a79407c,1
3b0144a9,338
3c45902f,23
3cbd816e,10
3cd5925d,4
3d1a0296,1
3dbbce24,4879
3e3f1592,6
3fb6898e,17
40165ece,121
4019685f,1261
40237af0,6
4077d6f1,2415
41067e4c,2
41862575,7
45d990f1,18
464419ea,16
46eb92b7,10
47b67f24,15
483269ea,1
486aa29e,1
49359fb4,96
4a4dff06,381
4ad5dcb7,100
4c4f71f8,8
4cf80ecb,230
4d86c97f,2
4dc32767,32
4e184417,1
4f98a473,262
4fb3d569,1
506cb542,281
51ccf7f2,1
525f992b,281
53c609e1,652
53c678ae,37
54e53ee7,4
556bc527,3
55f4e9fc,401
569cb34d,176
5703969a,116
576c2bff,242
57deebc4,125
5b4bcdd2,349
5b4d2eda,771360
5b8b56c9,224
5be530dd,758
5df346d1,288
60e0c5f9,296
61bd3e05,145
62043702,1
625d5547,163
627f522e,10
63665b80,59
6464c80a,90
64ee53c8,242
65bb6a59,245
6618856d,449
66795de1,1480
68228432,131
6acb969d,133
6b0f0c57,77
6b7ebaa0,65
6b91383f,203
70b730b6,8
70d3bd49,1
71407274,314
7152a402,114
71f69003,220
7336b157,1
74809845,82
760955e6,3
764399a7,9
78b4322c,2600
78d431de,1088
7971d583,757
79db805d,43
7a378e27,11
7a405306,25
7a546792,9
7bd7d1bc,756
7d13349f,377
7db40700,2275
7eb59634,411
7ec6098b,56
8023e17f,8
80acccc7,20
80c7456b,4881
8261c1ec,10
82aff59c,1
82d05fef,2
83576a2f,1
839a3e43,1391
83b890bc,10
8401b4a5,4392
843f93e3,1
848c62d3,631
84a15526,18
85194a81,9
85a2e413,11534
85b6e9cb,42
88aaf457,2989
897302f4,84
8b6e6813,326
8bfe3df6,1
8ca5864f,413
8d5d207a,7
8ddca941,1
91069c72,8906
9185e647,2151
930c2840,2787
94116d07,27
9444ae9b,2652
94bb55de,5837
94e97521,10
95ae7ee3,451
990ac8e6,19
99682e73,4365
9b3d72e6,20
9ce36566,78
9dfeacb9,3
a006abd1,17
a00f64bc,1
a0f80f33,313
a1538e7e,1
a173a702,666
a2643fee,323
a2bcbfd4,1
a31627ac,1
a34eaaf2,2002
a41867c5,4
a4bbad21,1
a4f98c42,1
a60fe7d7,88
a6b8f04a,3
a7b96534,1
a81783da,1
a8633c0b,122
a872ddf1,2
a9d1dc67,281
aa65735d,829
aac6d320,2072
ab6a13b5,12
abad6d5c,446
abba9663,341
ac329c67,111
acf8726f,1347
ad4fb630,10
ad7d593d,14
addb42db,98
adefbe2b,2
ae3acf6a,3
ae9df1d4,5
aeac89e1,13937
b00a48a6,1067
b0386b86,6
b13859b7,89
b152a525,357
b1b67992,2
b26c34cc,155
b3f13f7a,1
b491fd2c,9
b4ea1e53,7
b5d892fb,1
b75575b9,13
b7d3614c,13
b80fc54a,3
bbf51230,820
bc3b3740,2759
bcc1871c,8432
bdc74b24,19
be9c03af,7168
bf25a168,1
c135a32f,2148
c2ee3944,83
c2f59d0a,7
c34fef82,107
c3720b28,16
c3c7062c,140
c4e8210a,4502
c7826c23,2
c787ceb3,6
c88009de,1572
c9af2ca6,1
cb6880f8,58
cc90a057,73
ceea3181,8129
cf201836,61
cf8fe988,12
d03709e8,6
d30bde6a,19
d381ee85,1
d460e600,49
d4692daa,1
d5185b3d,115
d5c9fda3,5
d62fa613,3
d68aa444,39
d6c9ba6f,2
d71602ee,359
d83295a5,15
d84ae82d,339
d93b5553,28
d9ccd1a2,242
db6a7f0e,1
dd2e3fba,1
dd5690b1,108
de44d8a8,26
dea748ac,6
e07d1f48,207
e1c027a3,1
e2726ba3,640
e3e968dc,15
e42fe6f8,9
e47152fa,98
e51df23f,1
e5debe6a,8
e5fb0033,175
e89211aa,2
e9769465,1
e9d0c5b8,25
e9d2a215,1189
ead2ee2a,137
eb5b2073,2
ebfa0432,22
ec835f35,8
ecfe0a13,58
ed2e5c81,1
ed668db9,71
ed7b0018,3477
ee0b2079,9
eeb2990d,509
eeb2e2a5,2
efa1f468,17
f007b3cf,2490
f0963670,406
f256ef57,9
f333b8ba,3
f4c80c78,2628
f604ff55,954
f687bc52,22
f8620a01,5
f86744ec,72
f870f423,157
fa515f10,216
fc0a7549,21
fde4f19d,472
ff255427,46
ffad33d9,114
0187e738,12
0222f9ee,64
0234a6fa,1316
029faab5,31
040a1ec2,3
042d09b7,12
0484d43a,9
08843375,2
09dd8b30,98
0b353285,1
0b4f552f,99
0b665712,209
0b6ae668,2
0b993d3a,590
0bb729f3,3
0bc5795d,46
0c6adf5c,20
0ce41d3a,6585
0d189b1d,711
0d192d70,1
0df82c00,694
0e678137,15
0f386914,11
0fdec006,4
10301373,473
11ee95e8,17
1243471b,2
12b5c7b2,265
137035fb,21
13d22fb8,16
146b144b,35
16a2c062,17
17caea14,278322
1895d1a2,1
18c8eb6c,1
18d3669d,3
18f93581,1
1aaa89da,7409
1ae7e6b2,6
1ce2e823,65
20546e77,6553
20fc48fe,1
21beedfc,441
22875ce6,177
22c87e65,9
2385511f,47
23b9d28c,405
24bff39a,1
26aea0af,10
26fa773f,1
2774bf0e,1
27e3ad60,14
294411bf,21748
2a555dc4,13
2ac7ba12,568
2b795dc8,20
2bd874c0,3
2c5c874d,1146
2caeb3df,1
2f6a468e,1
30a3a37d,62
320fc8c6,68
3256701e,142
3281baa7,38450
33d12414,418
340b7066,30
3439ccb2,1
34a00540,21
34c06a7a,296
34c5c839,209
3547e3a1,328
386bc09a,1
391720db,1
3a622c47,32
3c3d4aeb,9
3c8b5789,1
3d2a9fda,566
3d321f55,117
3d87b0da,5355
3dc2d6de,40048
3dd57905,1345
3df53a0f,736
3e183f99,925
3f300029,269
4110af2f,10
41c76965,1
43833497,2
43aa5b5d,395
4407d527,13420
44de026f,6
45832b51,1438
471c88a5,216
47d47c89,4
48617f7f,1
48c49a88,8
49666f00,328
4a64ae04,1
4ae5007d,3
4b0f0061,10597
4b564c21,914
4e979ad5,361
4edf288e,7
4ef9a1ee,159
4f2bddfc,1
4fecebb8,55
50e69055,8
5252191f,94
527dc054,14
528649d8,77
53676a20,22
53d7b7ef,6
53eee077,1
53f1865d,116
5488a203,12
54d94658,57
56e4c612,936
5729d963,6
575ae214,34
57a6764b,10
582e7041,335
583c8e28,46
5aee3b8c,7
5b904c3a,9294
5bf70069,440
5caafc31,46
5d3869f0,17
5d93ebad,7
5dc9cc50,5
5e27a8ce,15
5e4b15cc,3
60394283,1
61c61685,4
6227cf3f,5857
636cd05c,1
644f8674,48
65aba3f1,139
65b18e2e,9
6747f311,2
68a0bb9c,7
68f95e37,1
6b453f20,120
6bbdf62a,8
6d831894,3
6df8a843,6
6e20e0e1,28
6ec1bb51,4
6ec5727a,6
70f4243b,148
71d10388,411
729ca938,52
72af592e,4570
74fd3234,21
7549fe4f,11619
75f43c5a,29707
7606de23,3
76f70dde,30
770134e0,533
77bfdd7b,2626
77d50753,75
7874c104,6
78989b4a,1
7b123a79,78
7c157b0c,19
7c418d13,78
7d50a826,4587
7dd19f44,79504
7efb63a8,19
7ff7a3f2,54
813807f1,2
819aaf1d,997
81b73f03,3
8342c1ae,3072
84e308ce,123
8684e360,130
88a74f01,1020
88b3ccca,55
88ec42fd,341
89c68257,1
89d88093,134
8bb799ce,79
8d39e87d,2
8d4d0781,73
8e5b6999,28
8f51bf3a,12704
91eed0b0,2
929d2171,5226
93c296dd,504
93ff9974,16
9497210f,382
9550c324,7185
957c2249,277
9583e5b1,38
95cacb2b,1
9986da4e,117
9a4ca560,50
9a6b7c4a,1
9b9d7610,3026
9c2c4339,8
9c32cae5,1
a011e44e,55
a017156d,6
a143e732,6
a16f4e1f,3094
a2ad485f,1
a2df5752,46
a36d69ee,7613
a3ffa5c9,82
a469e235,9259
a48d0fbe,11
a5d1b489,2
a7563c35,6359
a9629a19,2
aa0c6dc9,211
aad25774,1617
ae9652d0,201
aee46e1b,12
b1033db4,5
b228c084,2
b2b1a959,954
b2cc98bb,584
b2d8b013,1073
b2f3f1b5,1
b337036a,1
b349c9b1,1
b39f8aad,15
b41122f3,1
b4fd57f4,137
b5122e27,149
b554a32a,20256
b74a1621,89
b7e36d57,105
ba7c22fe,1
ba85e0e9,143
be54cd09,256
bfc04b95,1647
c0621036,2
c0a00bd7,249
c0d83cac,17
c1291ce4,27
c12ebe86,204
c1cdf081,34
c21df24f,17791
c2268426,1
c304a16c,570
c3efd2a8,1103
c455a7ff,1144
c45f7d5c,3
c6803105,1
c96057c1,18775
c9ffd7fe,126
cb08fe33,9
cc442b93,1
ce1f03a2,925
ce64f91f,502
cebbad91,189
d0460c2d,9
d0855fde,3
d30b343e,15
d35aa4c6,39
d391a330,59
d41091b3,8
d6137915,233281
d61be5d4,13
d7bd1b5a,44
d7d01954,139
d89cc067,65
d9fd1d8e,1
daff3208,1068
db5e3461,20
dc2babb4,399
dcccf40b,31
dcf3f51f,6
de0c98d6,21
e02b4cf4,43
e146127d,2
e149eb68,12166
e1bde2a5,5
e2cfc2b9,3
e2e46518,146
e4cbbaa6,49
e5097003,197
e5c60a05,179039
ea538737,8
ea67f612,13
eaed69ea,15
ec47f32a,26446
ed731771,571
ed9fdeb2,1
eda8f693,143
ee5e6d07,1
ee61a894,2
ee95f85e,6
ef007d39,10
f063acdd,388
f17ebd97,7018
f3e83a66,21
f4a56989,1
f4c83917,147
f5a63d35,13
f5e50bdd,388
f5ed5386,108
f6aaa1ba,181
f793fd01,1
f838cba0,53
f86ed51c,36
f964f357,37
f9c17902,25
fa293e12,55
faf9c1c2,30837
fb021a56,32
fc11c27f,2
fca75d2a,4
fd309fe8,2262
fe8ea44c,5
009f04fc,6
012dc57b,8
015cc1dc,61
02b7845d,1
0368b47e,2
05ef938b,1
05fbcae6,5
06d770c0,9
07a1859b,7
07d8e495,380
07de1d4f,5
0920c555,15795
09fde221,336
0aab7161,15870
0ab39fc1,79
0b6e967a,9
0bc8a011,75
0bd6c1a2,1
0c2fe9d6,32968
0c521fa2,17
0c8188c6,251
0d0207b0,80
0d781900,1672
0e1aa28a,3192
100b867d,5
11944c42,2730
14789796,111
152b207d,3
15941585,20724
16653867,28
1709fc63,236
17176773,115
175890c0,3
18560bcd,98
18b71f5f,1
194e49f0,5
1a599994,3
1a91259b,52
1b6c2c7c,10
1ba0784b,31
1bb7ca3c,4
1bd4bac0,178
1be75e5b,165
1d312d71,1
1ed0fa5f,290
1f06c799,141
1fb53cd7,1
1fd856c3,68
204d86d6,280
20c4e9a9,277
20cd9091,30
20e59b68,3
23ee9b74,243
24e88a6f,98
25d905da,32
25e5c4b8,2282
25ed8d71,1084
274b17ce,22
28e62e0c,141
2b5a3840,374
2b8e96f4,1
2bf73376,7
2c1fc879,127
2c5cbda8,3
2cd72bd9,2
2d196ddb,1
2de2ca76,1
2eac6850,26
2fa16878,85
303f11fb,200
3040e684,13
31a3a97f,456
325a8a1e,365
3275b312,445
32a11919,2
3393ee37,2
349dc3bd,3
35c393ae,6
36209a2e,3
3644875a,597
36717516,149
3685871a,2
37690f42,25
37aba7aa,168
37ecc00c,3
397808ec,1325
39b54c66,185
3a2ab3d3,65
3af745f2,2435
3d88bdd0,2369
3d914d70,261
3ef1bb77,888
4002bd83,3
4039fe98,79
410cb839,2
41197d34,532
41289b22,1
41477778,11349
42f13d24,7
43726094,3
4383281f,1
43999cb9,5544
447c7b07,1257
44a77b23,1
44a9cf9c,9
45a2ea01,2
46d499a8,1070
46e56230,337
47a12efe,33
49a8f906,5
4b2bea90,4
4b6c0684,640
4dd7fbed,13
4df56f9c,2
4e14d193,5
4e16b6bf,45
4e20988a,2
4e91d0c7,1
4f821507,116
4f9e91b8,1
4fbc249e,74
529a2583,4729
5372c54b,2
5374805d,1224
53bca8ee,3
5406b24a,10
544705b1,52
5688747d,105
586f5b14,1676
5a070368,27
5a156514,2987
5b691580,1
5bf6b97a,12
5d221b0e,48
5f668008,118
5fba83f3,291
603e27e4,1
606692f4,39
62e4903e,4
6333e647,121
63978cce,12
6464aa9b,3
64be89a1,21
66489c79,5
669f6e65,1
69bc54b5,21325
6a649faf,20
6ac91893,39
6ac96722,181
6ad085f2,8
6d314536,1
6f31cc91,2
6f50ab51,2
7294ea0f,61764
72a56356,2638
7661ce17,81
76717b21,21
788d23ba,242
78ea3acc,1321
7a0f9a7f,16
7a3d5c34,1129
7a660ac1,2
7aec40a2,20954
7ba73402,7
7c568678,2
7d0e965c,151
7f1f9be6,1
801dfefb,32730
803ffc86,140
805d7074,5356
811c2c1d,6
81b8de02,179
81fc355f,12
830de250,1
8353a846,9
84730535,266
8566047c,4
860d1dfd,3
8708b3f1,1
88272e04,113
89a490f5,95471
8ad08b12,3922
8e4282fc,699
90c85c78,68
91012c3d,814
9148eb3f,2674
92504276,214
92d82c17,223
930026a7,5
95b665e0,170
974ee2b6,1
978ac369,128
99474d72,421
9a7bf311,2
9b971c93,7773
9e2f1ce6,4
9e4c1a16,1754
9f9372ab,3
a01cbd7c,19
a033dc5b,396
a05cf1fa,25
a0d2d4e4,697
a158f0e3,11
a26d1be9,4
a4316f97,129
a5f2b197,77
a6086a9a,89
a67668f6,2
a72f94e9,170
a7ecf232,5
a9171204,1
a9731e7b,9
aaca6ef0,1
ab0e101b,310
ad61648c,3323
adf4e19b,25
afbc66be,806
b0c44dfd,91
b1563d59,5
b2abd9cf,392
b31f43fb,3
b54a1de3,10
b59f88e0,1759
b6959e87,3
b7f33137,248
b8561528,858
b87f11a1,2905
ba6c11e4,1
bb2a40a8,3
bb33b20a,3
bebc2785,244
bf21acac,390
bf9254bb,15
bfec68aa,22
c017ee70,1
c36224b6,9005
c3ea505e,1
c44e8ca3,97
c48770af,8
c52338a7,2313
c545a354,4118
c5906df1,22
c5c36545,2
c641f8d0,660
c80a1eb2,651
c8775dfc,6
c9dea231,6325
c9fbdc2b,1
ca63a68d,382
ca92d2e7,4
caa221e0,233
cb4408e7,1
cbe6572e,2576
cc3359c6,1
ccc2d85c,478
cd61f2dc,59
cda06066,2
cfaa957f,3
cfc5bb78,1380
cfdc2e51,3
d013bc46,6
d06ffed9,9
d1d3284e,3
d3009806,1
d4abfeb4,1646
d512fee9,9715
d60447aa,116
d8090e40,185
d90941d1,14
d9b90e3e,52
da3f6c75,171
da93a6fc,1
db49295e,333
dcc8211c,86
ddae5146,782
ddc88719,89
de849fbf,2932
df35621b,310
e1419bff,6021
e4479d07,1
e4663ea1,266
e4d8dd7b,259347
e6762d81,199
e8f4b555,18
e95d4722,5
eb31cc6e,95
ecd5c70e,1
ed239495,5
ed3b7dd1,1
ed6cea5c,152
eda28042,1
edf9ff15,343
f3de1b57,10
f437822f,146
f4a5b3f6,24
f4b44076,145
f56bdf01,1
f63cbdb9,1700
f84115c8,1
f8e4fab2,207
fb759404,1048
fbfbe4c5,2716
fce1bc4f,497
fe1ecf60,3
fe2addac,1
fe30bd60,18
feb07b6f,4
ff719d0c,175
fffe8e1c,226
01251c29,6
014428c1,940
02296256,155
023c7fa9,1
04ef538e,24
0549db02,47
05e73403,582
070ca277,2111
079325ff,1458
07a6ddcf,8
081c54c6,169
09604652,1022
09a7c5b6,15
0acc994f,11
0b3ad822,161
0da94452,2323
0dd25a07,46
105a43ae,225
1113a10c,608
123d0aa5,1
1247c69a,1
12547b38,511
12cf1d8e,63
140c60de,6
14eaf509,4
167e7e47,1
167f51f8,152
19b2f44f,3169
19b92c45,41
19bdf4e4,47
1b435564,126
1bf0f8d0,673
1caf5111,13
1d1c1b6f,4
1d1d2058,12
1e22855c,22
1e7573a2,35
1eae6ea9,2
203aea7a,1
219ac851,4
235ba823,45296
237ea186,2
23ed8405,73
241de594,43
245fc901,270
27c80e13,345
2910f0c2,11
29788251,2
2b683b75,286
2c5a0c0a,8
2cdfa4ac,76
2cf92acd,17
2d40dfd3,2
2d64c92f,198
2e46ce25,4
2fb3751e,1247
30f606d5,11
311607e4,516
315a8036,17
3281dc62,227
33061721,25
368fa802,1832
3715224f,509
373d4ad9,2
37975254,1
37dc1acc,6
3894eeaa,1
38df0c75,11
38f4081a,8628
391b8861,2913
3960784b,74
3a37d866,112
3a593b4c,6667
3a611802,273
3b9fa211,1
3cba8d1f,2
3e447381,524
3e54b7f8,1
3e81fcf1,6542
3f4e9394,243
3fca00b3,1
40594c10,3
41f09f12,16
439541de,1086
43a62a1f,215
442d1223,24
44b14d5d,221
450d6400,18371
4671e415,11
46748427,46
467ceca5,178
475fd1a9,53
47e7d61b,11
4adc4c18,1
4adf86b9,3669
4b19eaa3,1
4ba33bb6,1136
4bc53306,121
4bdfbbaf,6936
4bf5bbe2,148511
4c1ad36d,55
4e0dc0b0,1
4ecd1dbc,330
4f9caaa4,185
4feb6c85,2
507ac8f2,72
50ef921c,112
51565eb8,4
517d50bf,1534
5297c072,20
53cdb927,6560
558e8df6,51
559a8d87,6
55e8bb6a,72
5684a4cd,740
5684b3a9,14
57b9fafc,12
57ef2c87,310760
5b08c53b,913325
5b2dadcf,7
5bb98da5,1
5bdfd99c,750
5c446ec1,104
5d745871,1180
5daed544,2142
5e325703,150
5f1fdec7,3
5ff94cf9,2
60033d0e,1
61742004,5753
61e8f1fe,83
6252cc24,246
6400b70d,29
6437d8c3,5
64dca881,2
653f65e4,584
6683d740,1099
669b678c,48
67a28c2a,11
688b6706,34
68fd234f,535
69170ade,28
693037e9,5191
69ae1d2d,11
6aabd133,87
6ab9b810,6
6af982ca,2
6bb12014,8
6bbef274,5
6d20182b,1
6d592c60,1618
6e4efb2c,8394
6ecf2167,111
6ed57bea,465
6ef7fc09,29
6f611a97,1
6f7e73c7,22
6fcff501,34928
7026eb5f,82
716ad30e,3268
722b87d5,3
74310e80,115
748ec957,3
74904008,44
74fb2abe,7227
7597f7cb,5656
75d46769,29
765a0577,4327
76c76e82,1
76cff2c9,650
77286d1c,1
77b6bc0d,4
79800d86,2
7aa4945c,11
7aabb49e,5
7c602561,1
7c6d615f,52
7fd41718,35
80546fa9,2
80a88e95,8
80b90c11,74
833e83d2,69
856e6d3f,765891
8602e748,249
863360ea,1
87cb9492,221
886e07ee,1041
892553e7,33
898d6e48,5
8aa981db,55
8ab778a7,521
8d143005,61
8e2a6999,16
8e983a36,3516
8f465f90,12
90650879,14509
908077d6,2529
92ab22da,1878
93377b07,14829
936cd5b6,118
9514d716,16
95648451,810
97b91b99,56
98035a78,23
9a407f9b,5
9aef3962,8764
9c161acc,11
9d0080e3,14
9d419f12,26
9da30c48,3
9e2eda30,26
9ff0aadc,111
a16a4057,1
a2e3bdb0,27
a38dc379,22894
a4f6ee5e,1
a699a284,14
a7041082,164
a8a650f0,4
a8c88b36,14548
a9bb770f,8
aa3298fa,1396
ab8987c4,1
abcca5d0,314
abf90bbe,4
ac7b1ffb,24
acf813af,277
ad5e6ff3,1254
b15e894b,13588
b19b2131,1
b1c638b5,142
b1d08c2c,100
b2bfb9e4,1
b429e2fb,1083
b48199a9,102
b63f0981,17
b64656b1,3
b6fd3b03,34
b7251d46,47
b7aa40c1,1
b9b0dd1e,35
bac295ae,4
bb67bc6a,108
bc0b3593,1462
bc871218,1394
bc99730e,1
bd59bedd,13
bef58d89,19
bf34e4b5,205
bf979484,12
bf9bb43e,1
bfef9f08,1
c361e9ec,3
c440e2b7,1
c490bdd2,2
c613727f,24
c63170c5,51961
c658d21f,14
c69c2b3a,5200
c7295af2,8
c73cf8e3,12
c7a76cff,9
c7c875bb,147
c7cc4e75,1
c7fe2ca6,33
c8669bea,2
ca4ee4a4,94
ca76df43,252
ca8dff5d,4
caa04f32,1476
cada3cb9,547
cb6d5f0b,330
cb7d700e,89
cb809abf,3787
cd750ded,1160
cdd3448e,1992
cf3a1767,40027
d09262e6,21
d218b4b6,24
d31dbdc5,2136
d3431e03,2
d54b3c8e,1
d79f6cbb,74
d8592597,3598
d8d8519f,12
d8f4e9e8,2382
d9690732,26
d9aa7ed0,197
db085bce,13
dbabc4c0,201
dbf3f634,2847
dda591fe,488
de4d1469,2
debbc333,22
defb1844,28
e0e3a982,43
e1009964,21
e112b805,2
e2cfd966,4
e3edd4b8,3667
e4bc1a66,7
e4eb2141,106
e52d8db4,22
e6b409d0,167
e8e67c6b,3
e92d8be1,1
ebfe74f3,612
ec06f62c,1
ec1aa5a1,3460
ec3430d2,1
ecab04b5,1
eccc36f6,3928
ed0b2078,41
ee103e6e,31
ee8d68a8,52
f0153e6e,1
f05e6ed4,5
f1168845,2
f23ec8dd,57
f26f5edb,6
f2e89c50,1179
f3dc7e77,88
f5033286,492
f63249ec,1
f68fcd3c,198
f6c448a8,1
f83b8be0,344
f8b7b45a,189
fb3a43ab,389
fb93ca0d,807
fbef6cee,2209
fc05ea01,6
fc112a3d,45
fc67029b,1
fd5e76fb,2
fe1ffb33,23
fe2b7e28,3
fee8da23,151
fefe6fb9,2090
ff61c6a9,4251
ffa0a3ef,350
ffcb6b9a,7545
00564467,1
01e319df,2
050c1d7f,275
0528f7f9,5
05f9970b,1347
069ee5fb,3
06a0ac14,9991
06ae390d,109
06b8bc40,265
07a2fc4f,24
07e954e5,457
085baac9,5374
085ddd7c,1
08776f87,479
08d892c7,69
09c3b4c1,593
0a742914,269725
0e832a96,3
0ea8f147,25
0eb319af,4
0f72c22f,4
0fd1c770,28
105032b9,2
11f0a70d,15
12fd2705,12
134ccc87,1
138103ac,5
1418cff1,10
1479a5d1,576
148d7dad,3
150c1c02,69
161e2081,4
16b5f0c0,11
1776a257,452
17d974f5,91
1a16cffa,141
1a2327d8,1
1a2e795b,2
1ba78ed8,27
1bb9f38a,949
1d6dd343,379
1dafbb6c,1
1f0f6432,333
2081f069,132
222acd54,52613
22e228ad,307
2328ee8e,47753
243aa364,4
247f8c46,30
2667d8b4,76
26d22514,1
26ff9dc7,1
27871789,33
27ba7a97,2
27ef1509,1
2864729d,23
29ee33a7,416
2a17fa66,498
2a645695,2119
2ac37fce,3533
2afff5c6,10
2b48a46a,360
2b67c670,4
2bc0c8c5,63
2bc74192,71
2d682be1,2
2d83eb26,471
2e49fb26,4
2e582cf9,36
2e9f942b,1
2fa09087,20
2fb424e8,8208
2fdff0f2,31787
34177486,12
34941c9c,13
35cf093a,20
360286bf,3
361a1925,7
36b1bd1c,5002
3767c235,21
38a37a8e,157
38ea694a,1
39e4126e,186
3a2f0507,5
3ac5d91e,8
3b7a7918,97
3c5d765d,406
3c633e03,33
3d777827,3
3e2c903c,11
3e392171,22
3e4b0b28,4
3e90902c,102
40132a3a,2
413d5518,4
416ff638,5
419a32e2,8522
41c9c7df,2
42ad488d,497
43204b26,3
43b5a284,1
43f201fc,8361
45ad82fa,39
45b72c87,23
46343e62,438
463a95dc,153
468762ab,1
496da7a5,92
4a02380f,6160
4a094f40,8
4b0e92f5,19
4b97ec59,1
4ca7f7cd,451
4cce46c7,792
4d7fb19c,3
4e7411ea,18
4ec231b7,684
4f709ca4,5
4fa4bbd4,78
508ea259,8
5174f761,457
5225931d,21
5281da10,2
52b42525,583
52c718ba,308
52f2cb38,1
531483c1,74
54956bce,452
556dcf22,4
55fedc01,1
568d2f60,1933
570fed4b,2
57cdab2a,98
5880bd01,46
58ce474a,5
59d1f328,60
5a0a1c19,33
5ad22cd7,1
5bd11620,1
5d6a6946,630
5fd96d21,6370
6194f108,88
61cb2df5,810
6421a501,8
656387bf,1
65af87eb,1
6730b3e5,1
67f6dffd,2
69e2b06c,1
69f4121a,232
6cc92bb6,1
6d86a74f,343
6e6d46d8,2157
6f95cb7d,7
6f9ed745,119
706c42ad,1
71b18e86,1168
72e0ac62,19
7339226b,39
7521d958,2
775f0108,6
78910e7f,52
78f1ed48,404
79765e51,1
798f7d0b,38
7b256820,2230
7bf38d40,28
7d3a4098,1
82178239,5
82b4318e,1
82eb6cdc,1
839765d3,7
84ff26dc,401
85018827,3541
85b1ee70,4
862bb26d,26
897f88f1,323
89963103,755
89b06482,2
8baeafec,71
8c4134a4,8
8cdd539d,10
8d7e1373,7159
8e793b63,1
8eaae798,110
8fd6c0a2,3
915e0e70,43
9208d6e1,253
93d37cee,2
941d6327,37
944429de,3
9509f3ed,1
956284e6,83
95cf4f98,20
96adc29c,6
96b26dd5,1
978f159a,3
97be59d7,246
9a2edfb3,12
9a77a7ea,326
9b7c77d3,502
9bc74559,3
9c3674a4,26
9c45c2b3,45
9d343092,4
9e184e61,71
a06100ea,2
a09755ee,4
a0980ec7,28
a13b7430,17
a18f9f55,543
a279a7ee,19
a2bf42d1,112
a3512cdc,10
a3599e81,62
a3ee7c81,230
a4427a7b,646
a68fd9c2,223
a6d38d13,1108
a7853007,461311
a78d7499,14
a8b622a4,6
a97434af,68
aa3369e6,107
ac3d8d64,1
ac696ed4,28577
acd3ab64,8
afd85ee1,4
b034b6c7,100
b0aa3763,398
b35c8b80,3012
b45b1fcc,46
b6413bf1,9
b81c580b,4541
b84b14d4,2
bbe6c351,9
bdcfd4b9,7
c16238dd,100
c2335bb3,101
c300064c,3
c329a46c,51
c35edca1,253
c500f034,1407
c5944aac,14560
c5966a8d,2608
c5d791a7,5
c5e921b8,1
c60648e4,1580
c7278d29,336
c97b5ecc,1
c9ec94f6,150
ca1d6ec4,4
cbee0fc5,4
cc26ad12,27
cf3e209a,267
cf4550d9,21
cf5cfe9f,15
cffc1324,16769
d1672b84,295
d18b8b01,9
d18ef778,136
d20c06bd,109
d261e27b,4
d47682fe,1
d4ac1675,46
d508b0d9,5786
d5270a3a,7
d77d8efd,11
d8b234a6,35
dafbd312,9
db73fea6,2045
dbd437ea,517
dbeca4dc,3
dbefa79a,1025
dd5a2ac2,4
dd73f97f,3
dd935416,382
df7971d4,49218
dfd5f945,49
e151e245,2637747
e3beeed7,19
e3c84396,8
e5255c53,12
e56566a9,1
e56b98b9,5
e5866536,10
e6152acf,9
e7a92cc6,32070
ebd68b8c,1
ebfa440f,949
ed355742,207
ed56637f,11
ef69f41c,49
f1e6eca3,1
f31f8e36,119
f336429f,2
f3fd4ab6,676
f42b9119,6808
f4810456,13
f4a41a7f,5
f4bbde39,8
f4d14b43,15983
f5476ff8,3442
f5721680,5
f61531ef,2
f84c4ed8,62
fb94dde0,36
fe481374,13
fec6e632,64452
ff1b88b6,182
ff40087d,52
ff59665c,41
000aa1a4,2
01270328,7662
01349477,4
021cd138,6561
02d5151c,7532
0318560f,3
0460be96,50
09491f35,88
0a05c165,528
0a5c325b,16
0ca9103b,38
0cf33e65,5
0dd09e56,18
0e171baa,4
0edd4e8c,3
0f1ff372,532
0f37df8d,58
0f3c73b5,101
0f622745,201
110b33dc,1913
11508c8a,35
120f427c,836
14a7c179,330
15c55fad,2
169cf8d6,22
16ba910e,6
16d6b96b,465
180b31c5,2
19aea182,112
19bf2c94,456
1a063ccb,16
1a81f493,11
1b0ed886,20
1b211355,5
1bc8c040,914
1d13fa01,13
1d226f16,426
1d764032,4
1db704b3,4
1fbe01fe,6486150
207ceda8,7009
2094fb59,4
21555ef3,1331
222d0736,4
23516064,179
245e25ad,16
27e8075e,6
28007929,11
2801e74f,4
28f6e24a,61
29cff072,6304
2a9c0f35,2
2aa30f4e,1
2b9692cf,419
2bfb0fd8,10
2c9804e8,175
2caae673,1
2d4b5815,766
2dc17f92,1
2dcead91,1
2e061c00,2
2e69e066,62
32cfebb4,1573
3491297b,7
35222335,3
3572dfc1,15
35e8a968,1
37c0b1e8,14
38c202aa,13250
39279022,7
3a42deb7,25
3a486540,16
3a6d736e,629
3a72209e,11
3a871e8c,5
3b6ad1e7,210
3c04de20,29
3c20a05a,1170
3c3fc594,1
3cbca357,2207
3d623d34,119
3da79de6,43
3dd3f6a6,37
3e828f14,285
40cd84f1,3456
40fed7d7,32
415259a0,1
42271449,3
4241c1b3,6
430a5117,15
43872ea5,286
43af7d98,1
43e6da9c,663
4461c46d,8750
4541f448,615
46464be7,219
46aba789,937
46be43c0,234
477538c1,14
47798116,2
487c858e,1281
48c5d99f,2
4acceee1,21
4bda70f1,86
4d17e57a,4
4d56c9a5,1242
4d7eb527,1268
4da50272,233
4dd0a958,600
4f067001,2
4f0a426c,158
4f5494db,2
50d76ac2,694
5327dd9a,3
53b6ce1f,8
54ca087b,8
5557da24,7
5664de9a,661
572b1ee1,270
5735e871,23
57fe1b20,264952
58a08515,25
590f2493,131
5a8f8bd2,1
5bb07e04,29
5bca2459,1885
5c4124cf,11
5de151f0,457
5dec3103,19
5f1ac859,54
5f54e2e5,200
5f5a8c30,312
5f660097,1
5f7d1de0,33
5fa564da,207
6037f4cc,109
60e4b83b,837
62282d43,945
63bd7850,669
63e0247c,24
63e90429,46
6407c767,110
65aa9cf4,203
6695e153,2
686546d3,18766
688cddc8,1
6a2053e1,61
6bbe137e,378
6c71cfdc,414
6e0adcea,3
6e41c8a3,632
6f0b75ad,41
6f34dd1d,13953
713fc504,8
72a0e221,164
73fa5928,2
744b47d2,29
747d4ab5,35
75c152eb,1
760ca467,192
7664dcd3,14
7693b7e0,1
779de636,31
78fc2126,10
79339932,6
7bcf7a7c,40
7ccdb335,2
7cd0cf48,149
7d220afa,1
7d46d1e3,2
7ed11bd1,1143
80a856ca,259
819adc9f,1
84c7ba46,34792
855294fd,1
858c7065,88
86548e19,1466
86742d89,1
871fcef6,4
887a4754,44389
8888a390,3
8a0037c5,49
8c8f8bc5,937
8da25072,18
8e07d653,22
8e35d87a,9879
8e963ca5,52
8eb6cd50,23
8ece93dd,1
8f11bbb3,4
8fd5b173,48
90828bfe,109
921524ed,1
921d3b7f,571
927c2bdb,434
92863226,28
93c680e8,137
963701ee,43
96d973f4,1126
96dccf3e,1
96e9072e,63
96eaee28,4
9732dd61,77
97b671ff,16
981a24f9,506
982fcc44,397
997b2233,1665
9b1475b3,9
9c4ab096,54
9c50a7a8,1
9cd214b2,153
9d0866a3,17
9fa6fd97,1359
a0151c83,292
a07c4ef7,11
a0d244d7,3
a187a464,7103
a1d7a28f,274
a4553eb7,22
a494031a,1
a53e76a9,25
a58fb27f,579
a5fdc1f4,114
a6263cff,3
a629226e,243
a6d1d156,215
a79a2804,3
a8c103d2,55
a95f06ea,308
a9e850df,1
a9ec6b52,833
aa2bfea2,73
aa5cb92d,44
aa8f9c34,6
aaac5425,1
ac7846cb,201
afc2e2de,2392
b0684a6f,1404
b0c5af47,50
b1639635,6
b27d040f,39
b2b5fec6,1808
b3aba945,83
b57f550c,700
b5b873a6,2
b5e14d42,1
b7088c1a,4
b972619e,2
ba161374,2
bb46ef65,2
bb6f7809,242
bcb0c86d,90
bce58cab,328
bd51269e,2840
bdb56b2c,1
be282c34,1
bf143ba1,1014
bf2491b8,1
bf4f01d5,3
c0a1d019,71
c1b10167,211
c1fcc9a1,67397
c26b299b,116
c2fcc3d0,26
c5756186,106
c5be5db1,2344
c5c92d40,15
c5e25ae6,16
c6302a4b,84
c8115fcb,3
c95c7a18,2
ca34b316,529
cb1a5df0,55
cbb13dd6,10
cdd1bacc,8
cf351c61,1
cf892aa3,3
d07f6dcb,4
d092ebf2,2192
d0974fef,7
d197bc47,62
d2a85a58,21
d3236a94,2
d37c5d77,89
d402a134,626
d4bc50e3,9
d4da92d1,248
d506e9b4,2
d515bda8,95
d5e91ec7,1
d61fe109,205
d62c9c5f,214
d7714196,18320
d7f3460b,32645
d8c162e1,1
d9102033,1245
d92a5e9b,1
d98acd0e,11
d9be9aec,2
d9da8e21,2140
d9e93013,17
da79c793,1245
dbd773be,1
dc517d1f,111
dc7a7a66,1
dd868b2f,17
def019d0,4431
e04849b7,1
e0fbf47c,5
e10d0baa,797
e211b8f9,214
e229b1e4,3
e2f6deb2,2
e3b34ffd,6
e437fdd1,2
e44772b6,877
e63832e2,3
e6394c6c,1
e641bd09,3
e7bd4f0a,5
e7bfd1d5,1498
e8bd1ac9,3
e9784a08,24
e9d8f583,131
ebbc752d,5
ec44f0b7,8474
ec4e713b,108
ec6e2d30,1
ed020d7a,1
ee2afc0f,115
ee97bea5,132
eec38cac,210
eef14b8c,2
ef2c2edd,1
efead183,31
f08a3ad1,567
f0a617e4,2480
f2d07525,185
f31fa83b,133
f41e72eb,46
f46018a1,172
f59f4e80,299
f5a18e9d,710
f5af7a86,5989
f6cff7be,7
f6ddf182,16
f8240f56,187
f84e52b6,25174
f88a953f,2
f8b66955,8
fa2fd0b3,18124
fb4d15b0,1
fbb433d5,1
fd9bd76c,702
fe2e12fe,26
fe6965ec,3
fe6fab2a,1
fe75c54d,28
fe901aab,2
ff361da0,20135
ffc6e801,64
006ab81e,280
013e516e,29
02a45195,1
045f6d08,2
05214275,7
081cfb60,208
085ca48c,4
0887aa23,134
096fc4fb,27
09e4ecb9,514
0ae8f59e,5824
0d50a36e,564
0f6ba13f,1
0ff08e21,8
10945795,6
1394936d,7
14424f3e,176
145e616f,509
152079e1,85
160250e4,785
16c73019,97345
16e218eb,451
17c2ad96,374
18859862,7478
1982ee21,1
1a169f46,3
1a717471,310
1b1002d6,3
1b581e08,20282
1b72ccd8,34
1b7f250e,1317
1d612678,1
1d8321a3,3434
1df47d50,1236
1e1e1e2f,17
1edf0277,155
1f06fdaf,1722
1f4e888f,20
203d21fe,41
2135e051,2013
218ab157,3
2352189d,23
2366719a,1
239a7e5d,406
240ecdfd,7704
245129aa,2
24e04145,31
258442a1,1110
259012ba,1
264e0314,2
275d3ba5,74
278f6c6d,479
27d84a6a,3
28606f29,387
29229f8e,29570
2974e394,62
2a3afa8f,13
2a6ff5bf,1
2abc9e96,109
2abe05f2,407
2bb6ee2d,3166
2c791cb4,1
2d7bacb1,20385
2e60032b,8
2f2f9872,1
2f759012,253
303d1505,314
307b702f,3349
30ba29e2,69
30cf412d,3205
33351151,2603
33fc9515,25
37c9a032,29
383f4a51,5268
390e985a,4
392628ab,1
39e68f86,3425
3a07270d,65
3ab46de2,7
3d3a9185,39
3d671de2,4
3da070e7,16
3e1bd733,21
3e561d0c,3
4013b842,1
40f065b9,2091
432ed90a,12
4351d15a,8
4357c249,14
43657ba6,12
437c5af9,2
43a58282,140
44d0859f,3
455ac0d0,119
461eb0fa,246
46fa07c3,997
47753f16,2469
487a97e0,1
48c42b43,10340
49a835d6,3798
4c02dfb4,5
4cd817d5,1425
4d285ee1,1
4d4d7a00,1685
4e4cc75e,11
4e59c758,6
4f9550e2,173
503c45b0,1260
50cf8ee6,1068
518d6168,2831
5380ca88,564
543a539e,42525
54c9941b,4971
5531a0a9,521
578f2a01,6
585116f8,2
5bfa0409,7855
5d476cf1,1
5d976660,19
5deb8d5c,290
5e78aa4d,297
6020550b,28
60bfb01d,15
60fd66e6,8
61a1d337,26
61f4371b,28
632238aa,11
6373b8fe,10
6426a2a7,138
6573a967,1
65a4d581,42
665d2bed,7
66a4b77f,57
68482f13,106
68738eb5,1
68c8100a,2739
69956e7f,2
69d3c083,322
6a46655d,141
6a96a6d8,452
6ae28757,4018
6cd1bea9,5
6ddd2cf1,49
6efe9c3b,18
6f48b88d,256
72f54dec,2
73610186,2
73ccaee7,17
74d40ee5,10
751d9b6c,2
754a155c,7
763a42b5,31202
767aaadf,8
7745acf8,6
77a3c52b,2
78d60190,19158
791b5571,34476
793cd64d,13
79f2388f,774
7b86de5b,11534
7d452d7e,100
7e0611a3,85
7e5b4c36,1
7eef0dce,6872
7f05516e,396
7f9b5e19,3
8052b1fe,357
82bc9b50,5
831a79fb,268
8429c256,66
8480f5b7,10
84aff0b1,428
84f2a3e1,13
860c80ab,124
86611e43,449
86e38d08,4255
86ede33b,23
86f2e265,33
87dbfd61,3
88154ade,99664
881897fe,45
8843612d,1
893841f9,3266
8975cf8b,2
8bbad100,137
8d19f127,500
8d5afb67,11
8d9e19c8,3
8ddfee4e,48
8eeec40c,1883
8f4a7b0c,321
8fcabd3e,19
904ef4da,180
907cb5b7,2
9175142c,5
93cef075,2
940a1d72,25
948f52c1,6
94db4ffc,95
9578c4f5,2450
95ae83e9,1
9623b22c,494
967df9cd,200
9767e5d8,303
976bd359,3
97c9ac6a,11342
98478836,46
991de18b,87
9e1b18be,90
9e8e8d09,109824
9ee9dd00,38600
9f01534c,7
9f46ca08,111
9f737c63,6462
9fa948e7,1
9fe31a99,17
9fefe95f,5
a09ce10c,12
a0efb860,1
a2af7bee,63
a46f09e8,3
a4ae03ab,25
a70e7973,6221
a780d025,748
a97ed6f8,988
aa0b6551,1065
ab526063,338
ad07bffc,14
ae41be8e,11
af62ef47,69
af8f8d6d,2
b002c0f7,27
b09f941a,1
b0e3e8f6,10
b110fda2,21
b1456e8b,2
b1709afe,4
b29c890e,6
b57bb430,23
b85d7e9e,1623
b93746ab,2
b99a2c43,71572
b99fabe0,115
ba9c11c5,1
bc3564f3,15
be0b36be,63
be41279d,5
be5019ab,29
c0644db0,5
c1f33af4,18
c4489453,238
c5fee551,4
c631f5ab,756
c65899fe,1582
c72ac38f,36
c753d07d,5784
c7619099,1
c9d3f197,14
c9dabf4c,3113
cb5d0b86,20
cbb01868,36221
cbb1a70d,1
cd204b9a,1
ce3307ec,139021
cf3f13aa,13
cf49edec,373
cf5f4be6,1
d00d4bf2,32
d187a6d3,2193
d1d511f5,2135
d1defbfb,4
d266097b,20149
d3c2f6bd,2
d5ffa4da,1680
d6480a5b,181
d67495e3,56
d71b19f2,24
d726d630,210
d7985c3a,480
d8297585,255
d8d0abbb,1107
d9945eab,23
dade2e21,5
db3ea4cd,202
db4634e9,2168
db5594e8,2
dca761ae,1
de360fa2,107
dead5491,1
deb24fc8,1157
e0ce2e9d,72
e17e3ba9,1481
e29bddc8,1
e34881d7,1
e3ef9710,282
e3fdd4f3,3225
e4df8ca8,2
e5260f30,10574
e5a03d31,4
e61cbbf1,5
e6f813aa,170
e72b82ae,637
e7bf3570,283
e9c76023,486
e9ef74e3,25
ec4b3f1d,17
ec5a28a2,146
f1002718,1873
f1976cc9,8
f25a9574,150
f2c6a445,1
f33ae024,6
f345b20b,60
f3648c61,247
f62da673,286
f727f4e0,7394
f7b63379,447
f7e75560,1
f87855d7,1
f8b5e3e3,9
f935bea1,417
f9ec1297,902
fa26cfe9,455
fa4f9c81,64
fb14a7f9,65
fb4f79b8,2
fe0a25ae,39
fe2e8046,58
fe7d2ab4,516
fee4782d,2
ff06bce4,9
019de78a,214
0295efc0,11
02b20f5b,2
02fb33fd,2288
063584d1,6
06ec0830,7
076a7ce0,9
078001ab,3
085bfc46,32
088c9073,5
08abeacd,1233
0a65ddd5,16
0aa33af9,72
0b3ebe89,66
0b7c8519,2
0bf45925,88
0c08b6b8,34
0d889a39,1471
0dc19f16,1
10a74e5b,4700
10f24227,3
12000e95,11
13fc4325,9
14333f02,1129
169c2662,12
176b5d6b,86
1952cec7,3
1973ac22,10
19cebb46,1137
19e1bf38,1
1a8a7c01,799
1b4b015f,1351
1b9c3bd3,21
1cb8a52f,2
1d6ad5f6,115
1da7780a,350
2043f0f8,26
20651555,21
2391ce3f,15
23d99ea0,2175
25147cbf,1
25995f1c,212
2631cef6,1
27e10723,874
29db30a9,5
2b1ddb24,67204
2b3f1160,36
2b88617e,18
2bf49fc4,1180
2cbddc48,5
2ccb7139,556
2f9b0fd3,178
2fda93c1,447
303efacd,213
312b5ecb,94
31429f9b,63
326b0a13,4
32794497,1
33175400,39
33a464c9,2
344274be,214
34f59754,16
366a1d70,43
381087ad,29
388a32dd,139
38d0a83c,1
39baca5b,2
3a978234,3
3b9baa00,310
3c689bc8,10
3d60f88a,1
3d7e8fcd,4
3e3abd65,4928
40752d0c,98
40bd4b79,1087
410b82cc,44
41295d90,4097
419a7697,1
42182cef,31
4307b3a7,899
4327e528,1
436ed1e7,15
4390d4c5,1297
43abc248,3
4461dbba,218
448927b2,23
44f60771,733
44fd20d9,59
45523dc6,2
45ddf8ef,130
45e91bcc,2595
46257007,2119
46b0ddfb,1
4848ab00,11
49c5b17b,1639
4a0fb6d1,10
4a2530f5,1
4b9e88fd,7
4b9f6a23,1
4c4493fd,12
4c865e71,57
4cd807db,3
4da308f2,38
4e0f8103,107
4ef24939,11
4f6a095a,1285
4fa4c1bc,5871
500f3527,10
52514a05,1279
539493a3,45
54391e7b,38
543ef4a3,311
56b64ae6,2
56bddb22,1
56c097f0,65
56c2fd20,3559
574d2efa,2080
577dc0bc,23
58c6eb93,10
59a2a16e,1
5a193c2a,15
5a2f1ae6,147
5a501379,51
5a51436e,358
5a83611c,6764
5b0b8219,2002
5cf9443f,10
5dfb3e1e,2
5eb1d12d,292
5ecae200,8
5ef24d26,370
60b2efb3,43
61514710,5
6166bac2,2
61c872a7,2
61d63b29,309
621fc84d,1301
6229e019,91
63171100,1
636f3a62,11341
64c9f28d,47
65110177,3
6594e957,52
67140f28,40
67bc9ecc,2
682470b6,1
689b25c9,1
696db110,2
6b400013,10
6b6ce274,24
6cb946e2,417
6cf6f576,37
6d205377,8
6d38494a,1
6ddd042f,2
6ec0e3b4,6
6f1058d5,5919
6f703d13,1117
70606640,47
70a14934,236
719302d2,19
72b11e77,67
72c40ad8,2
73fa5247,181
75b3e7ef,12
75e3624c,1512
7697ed3e,33469
76e45425,33
782e66e7,112
78647fa8,19
790c9243,810
7953bb38,2028
795ade11,2106
7b61dd0f,108
7d22c40d,2
7dd99278,268
7fa5a4d1,339
81bf62aa,2
8274ff04,255
83337efb,6723
870e6900,3
873df4a2,74
8756a509,83
87cb5f55,7369
882e3b09,1
88f37eae,150
89b09193,1
89b64ce6,259
89cd1be9,3
89f5c4bb,1450
8a003607,20
8ab5bdcf,918
8ac61d5d,41
8ad8448d,6
8b12e0de,6
8b41f15f,134
8c48f814,14
8d1b4b27,25
8d1b9c8c,1488
8ef38d5e,2
8f4d8b5d,1
8fda644b,3050
90fe0051,74
91e18f04,183
925b7e3c,302
9358b394,399
9500f195,385
961ed9b9,50
971444a0,5
99be6362,3
9a977531,173840
9b7b68b6,374
9c8282d2,4
9ca3186e,4
9e7db4eb,32
9f1fe97f,1730
9fec7585,10
a1699f4f,148
a4f319b6,1624
a5200f51,18
a7c38c53,964
a831e579,18499
a8562654,84
aab3612d,16
ab893f5b,10
abe436e0,178
ae350036,1462
b0f891da,1
b19c68c5,4
b22e2670,7
b2fcba59,9
b3380c23,9
b345864e,7
b50b7e1b,1
b5d687de,1
b60a518f,98
b64a28fc,450
b665753d,863
b6a47199,5
b704e985,4
b73c5bb6,197
b833abfd,997
b9dbf766,2
ba026e4d,10
baeece52,196
bb407509,641
bb6435db,5
bc266cea,5
bcb3fa8e,2139
bd5caf8b,5
bed0bccf,22
bf979fc8,4
bfc93a4b,4126
c2754caa,224
c4043216,66
c53b4619,3
c5689074,127
c621843d,52
c685914b,7
c68ab749,2
c6af341d,13251
c7de668a,8
c80dedf8,1
c893523d,4
c9a5e74b,697
ca399bc8,13
cc0bfaac,1
cc9a76a1,168
ccd9611b,1
cd0d8431,2
ce05fac4,5
cff3892a,206
d0386648,2
d0cdb0b2,113
d240c6be,18
d3363614,27
d37cc6c5,8
d43e62fb,11695
d60ce221,2
d6319fac,40
d653afd9,1937
d6d18946,4
d7ea6e0f,515
d81edece,1
d876a883,46
d8c7670c,48
db1e6597,127
db511b29,4
de0c8147,59
de51133c,1
e02282bd,2
e023ba3e,82856
e2ae829f,367
e2c58157,4
e452df96,1
e563a8d7,23
e67688c9,1204
e7777bfa,2704
e80731d3,54
e80ee3e1,635
e918ce66,52
e9ca7d40,33041
e9d5a4fa,3
eb598f71,183
ebed5b03,263
ecb8adfc,2552
edcb943c,1
edfdc19c,690
ee4c822c,2086
eee82884,3
ef1206b5,15
ef457b71,725
efca7c44,1
f203fb1d,23
f28eeb75,24
f2dcbcff,197
f320194f,5
f34bffc9,613
f34c5741,703
f3e0b950,126
f48b083d,3951
f4a4fc10,173
f504110c,2
f5bf2bfc,483
f5d1a67c,18
f5d61d6b,2
f7727450,110
f78fa6a2,357
f7f3b648,2
f828498d,1
f9c4aa74,1193
fa2f411d,35
fa30daf5,1205
fa5236f2,11
fb5257c2,2567
fb6f4255,196
fd73960d,32
fdff791e,13
fe8cc448,11927
ff9bcf52,207
00c4262f,3
012662f7,7
01b54156,1
022cae3f,1
02a3c438,20
02d41cd4,23
030095a6,100
030fed15,2921
04364ca9,3
050c457c,3
055652eb,2
068758c7,21
06c3aee0,2388
0772aa45,63
0865bdcb,828
0939f956,497
099a7271,103
09b74f3a,200
09c2c829,3
09e1294b,5
0adb17f3,11
0b0149c2,2
0c9c68e0,144
0e3aeeeb,480
0e714be0,25
0e804db3,2
1112512a,4
11b0b28b,10917
13b31263,28
147b41bf,677
17526a46,7
175496c6,98
180a48d6,3232
18c66a69,1
1a4b95c6,3
1a4f2ebb,4
1ad6808f,1
1b313e91,3
1b6c8f62,1525
1c31ac16,1
1c504501,2513
1d32fe02,3
1ddefbdd,2
1e25e084,17457
2012f737,41
212fa59d,2609
23233c2f,11
25156f33,7
25e8ca96,34
26edd5a1,425
27509441,30
28616ed9,7225
28e60495,6
2a4eac4c,1016
2ab4f348,598
2ec7fd9a,20
2ee82a0f,10518
2f3ef1ae,2
2fae2cfb,1
30790acc,13
3136689e,2445
31c7d7ab,5089
33de3cff,154
3421ce46,20
349dcf17,1
371dda5e,1
37424d8c,43
39a1ab6a,23
39f14770,1210
3a4290dc,5
3b64c6f6,20
3bc3e002,7
3d23360c,16
3e7b7453,1659
3fc3d822,1498
3fd4919f,1257
4130fefa,232
42494554,1
424f3d43,17
43907498,407
4544c504,242
46bf7b42,2
474240c0,47
4745f1fc,113
47509647,54
48ffbc2f,1
497ad9a3,215
49c53160,1822
4a15de74,855
4ad8fafc,1933
4b9833be,226
4ba1f4f2,1
4bbddb68,18
4c8021ea,25
4dd416b2,11
4e9603f6,3661
4f330f87,221
4f55ef00,114
4f62cc06,2
5014edea,18539
514d6ca9,292
51550353,91
51a8ceda,1032
547ddb7b,15
54ff95e8,681
55dc18cc,7
562009b8,1
58d49431,6
5bf18a03,114
5d1656ad,11
5d33ff07,1527
5e03b073,2032
5f444b28,50
5fde0f3e,7
609565c8,174
6509a456,3083
662dfee5,3
666e173c,2
66df8b6c,1299
67ee2827,1518
68d60e76,16
68ec425f,898
69a16cfb,3
6ad97e7a,2088
6cd5e7e0,15
6cfbc5cb,4
6d22bc99,9
6ed98e24,3
70c8b87a,6898
71b00509,1
71e4a1bf,31
7350b905,1
7351b66e,1
775af77f,1
78f284c7,492
794c7179,1
79df8c62,74
7a34d501,9474
7be987a1,2
7da42dde,7
7dd7ac7b,119
7fd427e1,18
81894a37,3
821bd996,4181
822be9e9,56
84a56636,6222
859fec7a,4
85d5968b,6
85f751fd,14596137
86981712,55
86cfd912,604
87e7f3a7,19
89c104cd,1
8a911c5e,76
8ba29df2,179
8bb22867,325
8bbbc181,20
8cbf056b,1361
8d3626e7,11
8d703822,36
90a340b2,5476
93028f16,100
93f1f058,1
94fe1b31,1
95b717c3,6
95c20a3f,13
95c32f81,1736
95d2b2f6,35
9660c306,2
96710185,1
96a26ed1,1
96e44b4b,6345
97178fdf,1
9734d95e,102
974a884f,7
97e9a81f,1051
986a70d7,647
9abcf2b0,965
9b7fbb81,11
9c4cbbcc,2
9c85b71e,186
9ce8cdee,29
9d0861e5,2
9d171a5b,8
9d2dcc2b,131
9e3f740b,8
9f4b7997,1
9f99b01f,3
9fe0fa9b,5758
a14970ea,53
a27e78f0,46
a27e91bf,1
a2ff7f93,4
a3bd852c,10
a3c26c88,1
a3d9a1db,37
a522c8ae,1490
a5a5cf65,62
a6e60555,15765
a72f40ce,49
a82179f8,2504
a848250b,585
a930eef5,13
a956c0f9,3
a97cc40c,260
aa35cf29,331
ac7a73db,429
ac7e6889,110
ac8e0b25,1
acaf2eb1,732
ad350224,107
ad786c1a,2366
adc637ba,20
adcbacca,4
aeab324f,69
af850045,199
af8da1d6,429
b0490961,153
b0713afc,258
b0dab9cf,41
b0fc2315,402
b1c803b6,7
b2d51af9,613
b42ce4e4,6
b6b3c39d,9305
b6c7c98f,190
b7c047ca,3
b90de9e7,21
b935c3c7,21
b9d5c684,1109
b9f0c033,19
ba29268e,1
bb9c98dd,32
bd36ed24,23
bde7a264,1
bdf29b81,1274
bf67ee73,1296
c0bc565a,11098
c0e7b843,68
c1d207f9,697
c2857fb9,3
c321c5d2,1269
c586b7e6,3
c661715c,382
c6ac6801,49
c70e6525,4170
c84b39a7,12
c8662293,2
c88e6460,3
c98a4967,542
cb11003e,18
cf4a0add,215
cf634d26,35
cfc22fc6,537
d009c200,516
d0f6561e,5
d102353a,15
d1057929,1
d155e039,3
d16ba703,1
d1e077b1,27
d2025eb4,165
d2298f1b,10
d24f3bd9,743
d38184db,24
d384de4a,26
d3affde2,83
d4e385f3,56
d4f57f92,280
d5976bb3,1
d5db46c0,1
d6310c65,201
d67ec04d,15
d6a07a39,176
d6a3b288,4
d700b209,6
d8540407,286
d8a6b365,1
d8c5ea8e,7676
d8db2809,2
d8dc1aff,3
da63c40c,2993
db0c72bc,7
dc058ec9,2
dcb976a5,82
de0d6110,279
debc27f9,7
deec834c,270
df2ced6f,2
e0a98774,41
e22287e7,25
e2b58628,98
e3c09f3a,160321
e421a0c5,9
e4c4c352,171
e4fa5806,69
e4faa652,1
e553d638,61
e56dbb9b,5523
e5f7c4e0,62
e6ada4f1,11
e6afe03a,1494
e6f1b084,1
e76b2b74,60
e78efbe6,9
e9e7a6b6,805
ea9f768b,1
ebe27d13,12
ed895faa,184
ee3d8a91,4
f06e55cc,1032
f147d8a7,99
f1a86965,1
f237593a,394
f41cb38d,4
f46d1f9f,128
f4ae4c6d,1
f4dc6767,1
f51d7d4b,4
f61eaaae,48145
f67a8f4c,43
f935dd64,7
f97b4d13,1
f9c69707,59218
fa7dda01,408
fcadce02,6
fcf494bd,7250
fd4646db,68
fd61a7da,3
fdcf8992,3
fe23875d,17
fe290a08,24
fed1a009,60
feda5e8b,1
ff0784fb,352
ff18c3d1,11726
ff1bcc6f,1483
ff55c4ea,366
ffb2c209,5054
fffde64d,11
00476056,14
0114bb39,110
021b532c,10
02610967,6
052ba598,233
0551477b,54
05c65e53,12847
066a0884,1437
07b5e922,9
08a4adea,99
091c2c9b,7
0b518647,418
0b5c0120,1
0c2fd8de,54
0c4a0067,4
0cc7b61c,1201
0d1c8470,191
0d3a5c4b,3
0d3bf816,4
0ec376a5,405
0f5dd990,447
13a427de,1
1661bb7f,222
16b4810b,50
16cad76c,89
1a5f55b6,1
1ad84bd5,9
1b4249c3,4
1b4a95c0,207
1c31feec,96
1d33071f,202
1f5e8efe,52
2004e0e6,3881
21a679b1,44
21b3d231,1
21fe0a14,59
22d8605d,2
230e4fea,434
232c7e71,246
2415bccd,23
248ed81a,315
259b7ff3,3140
26411c27,6
26818694,25
273e2aef,52
27463ebd,205
2785dbf2,105
2789a1f0,1736
28af9cd5,6
28d94921,4
2a0088df,5
2b78b9f0,1252
2ca46df5,366
2ca8bdfc,41
2cf34e18,1
2d69e180,188
2d7ea600,30
2d85e038,16
2e86439b,5
2ef2be34,20
2f8c1165,1
2fed2391,346
2ff3e0e1,4
304035ea,5
3058e14e,27
315914b1,103
321877aa,23
33dc302d,12
33fa5bfd,805
340ad9fe,1796
34445fcc,10
34d1d55f,102
355c4559,3
374a438a,2
378be08b,15
37a7f08e,38
385f57b3,2315
398cf333,3
39cffaa4,9512
39d85719,372
3bad8886,3
3ce4be5b,4354
3dff2c35,524
3eb3e55c,18
3ed01101,32
40629f36,7
40667bbd,906
409e705b,3
42167683,29
42b10058,971
42fc6aba,418
45352db9,1284
462db17d,181
463a8e85,1
469eef87,6
469fd1ad,2679
46bf159a,1
470bf185,864
480eee51,948
488e7205,7
495a2758,21
4963b9fe,1550
498f55b7,4
4ac4c910,28
4afc9433,6
4c38f5c2,2
4d20bc4b,3
4d44ed5a,1351
4ebbca24,9
4f9215eb,2312
4fd4e711,355
5029b7c5,44
5036cb28,2
51d9149c,300
54114ceb,49
54c3c987,1
55cf66f9,373
565fc7e8,2
56c44384,35
579d7836,99
57d2ac52,75
57d5fbb4,152
5b25e90c,91
5cc17f0e,3
5de0a7a9,6
5e0f8522,135
5e2a5c16,40
5e910e35,3
5f3ef28b,149
60686707,77
606b1e07,28
61118623,32
61a8c644,30366
61f5295b,1
620b4c8a,1
63f37011,2
640ff09f,574
64556dcf,2
64f3c4a2,17
656c4f25,476
65c67cb9,4
6710c170,1
6856303d,68
6a0be1ae,189
6a5ac3b5,3
6aedc770,8
6b175d24,3873
6bde3905,12
6be8416f,1293
6c474eac,68
7043d928,608
70b78fa0,55
72d77ade,40
73415add,5
7352165f,13
7480e371,13764
74c7164e,3
77cd8bf3,8
78a3f57c,19
79d1bbff,594
7a5273ea,3
7b912197,17
7c2c5fdc,232
7c6576be,28013
7e93c8eb,142
7eabd276,1
7ecc7eaa,18
7ff03653,20
803d3338,1
80b3594d,8
80fe6d36,1
826d04d2,1467
835bde34,199
83ae82f1,19
842ab526,49
8539af40,1
85b3d571,410
8724335d,2
88b0690b,1
8a3ef90f,6
8b62d681,1
8bc5ccf8,456
8dea8a9f,388
8deec63e,15
8dfecaca,744
8eb5ccad,64
8ee11403,266
8f5063f8,18
8f6ae7ea,39
8fbe746d,15326
902d68d6,28
91033a8d,565
915a59a3,1084
921e3d8c,1
93024642,1
933b8709,1437
933c9c3d,303
93eaba74,185620
94b21ebe,36
95d5992f,5
96fcf467,1
9704e6aa,224
9853a212,88
9ae87f35,416
9b85fa4e,16
9cca1242,3
9d40630e,11
9def62fd,1
a0a4523d,10771
a27bf17f,1
a791b1e3,1
a859efca,921
a93180aa,2
aa55f77f,6
ad2b4369,1
adc0f98d,121
adc38581,5570
adfe20ce,822
ae4d9eb1,10
ae835c92,19
af125500,28
af3a7dd2,47
af544f8f,4602
afa4ee52,112
afa9c558,2642
afb398db,163
afd786ed,44
affacb6d,1588
b16f6996,1705
b264d110,103
b3be620e,20
b570764c,41
b692c7b2,9
b6a7185b,1
b7eed96d,30
b7f62e64,3
b823e434,9
b8c50981,35
b96a8adf,77
b9bb7678,14
b9d6a79c,159
ba43619d,187
bac9639c,1
bbfbd694,1
bc9ab09f,42
bcb175bd,36
bdb4567e,6
be2ad981,3
be4e229f,1
be60ea02,397
beb4af54,7
bfb9afb4,1
c111263e,13
c280ce82,3
c2839a75,41
c28f420d,2870
c54454a2,24980
c548034c,106
c5a5b0c3,178
c5d2be9e,257
c6806ff8,8
c6eb6988,1
c74e86fb,19857
c84a96e5,90
c95e3c4a,52
ca023988,1
ca7b62ba,1
cbeb1cd5,1
cbfa83aa,39
cd2b4a43,2263
cd4909d0,50
cdb44cf2,1
cde25b64,1
cfddefc6,4
d12ce87b,70
d191be52,54
d1a51189,36596
d2d58e96,3
d47bac9a,1
d91f6f41,320
dcee0c5e,397
ddcc553b,3245
dde8c24f,154
e0db3d09,1891
e12d431d,5
e1db5c62,350
e2d5b89a,503
e3088707,10
e3816bf0,64
e44cb96b,11
e4f6aee2,38
e515fa2b,111
e65ac32a,12
e6716a5c,427
e67b91cf,382
e691404b,8
e6f506cb,9
e7eebe29,14616
e83fd30d,132
e97193a8,1
e9fd9d54,4
ea40a74a,31
ea563a05,1
ea81afe8,373
ed3b812e,336
ed57a78a,471
edc8c80d,15
eddd0239,6
edf9f207,5
ee5b25f9,81
ef5c772e,6
ef5ed6b8,1708
eff5abd6,268
f07539ff,57
f0a3e15b,2
f1914986,1954
f2271eda,34
f31b6831,31
f392c0c1,6
f39e07af,81
f5343036,33
f58d0bc8,23602
f8f45980,1
f8f6007c,203
f93816e1,123
fa004722,12309
fa051099,348
fa5ed495,5
fbd9e53d,1
fe16ee49,756
ff4425e5,139
00b73968,39
00cfcfd6,21
00f648b7,1436
01717d7a,3
01fb37f8,1
023f3644,7563
028f551e,73
02aa8b13,5
02d5ce7e,287
03019612,5
03acccd7,957
06284027,2574
06487a36,142
066d7210,1
07169d49,12
07c0f30b,52
08283896,4
087ea3ac,2
098e18a3,41
0aa5068e,4
0b66ff9a,5
0c02d7ea,95
0c0c06b0,10
0c207bcb,8
0e233cbb,145
0eb72673,107086
0ee0f7ad,1353
0f7822e8,3099
0f8c2cf7,86
119e20a1,5
1371e120,41
13d2ff90,36
147fe840,329
14b075e9,40
14c5faa4,19919
174085c1,14
174b732a,172
1820df62,90
182b15ce,2
1852114c,572
18dc2257,15
18ff3ac2,6
1a2d9cc1,4
1a311283,1
1a5c1d83,24890
1ae15661,7
1b171d6d,29268
1be2aed6,1
1c3a1b95,3848
1d2dd110,7
1d5464ef,7
1d6e0bd7,1636
2001c609,49
203b00f1,22558
2092875a,5776
21244032,1
2191637a,994
21fe9b32,3
2213eaec,1
2295e176,1
22d080df,3057
23029590,1
23195591,1
24517973,412
247cf33f,9
251d10c4,7
268bbfd0,1
29643650,6
2a5d9f5b,216
2ac17d2f,1460
2b9d088f,16
2bd62959,1
2c3ce923,39
2ca32a2a,20
2cea1581,28
2ceda8e7,3
2e607b44,855
2e789246,400
2e8272a8,26
2fe3eeed,4
2ff11fd6,286
30245152,6
303409f9,12
31073bd0,33
31d5485c,14
3287d335,1280
32b86b86,4
32d2a610,27
34040f5c,2479
34781e41,3686
3481d285,261
365fa285,22
36979604,3
378a10e5,178
382f795d,4577
38324255,122
38e289b1,39
38ebb837,2
39cce823,1
39f7e392,5
3a3c3de5,12
3a3e276f,77
3a584bd2,437
3a77112d,36
3b517835,2
3b624dd8,7
3bbbaf8a,3
3c1ff54d,769
3c438678,104
3dab066a,230
3dc5b584,14
3f638d32,4
3f93eac5,1
3ff90ded,2
408c7a97,120
41d45ec1,7
424f0ecf,10872
426b0559,775
42f65d55,562
43402849,630
43891919,2
44637516,15859
44723753,1
447822ba,10
457a1816,1
461f4ff6,2256
46a552bc,1
47c5a6fd,3
49c3922f,285
4b5bb5fc,522
4b68d55c,2
4c513588,153
4cb8a479,963
4d3710b4,2
4d51e6d3,15
4d6718af,5
4faf9dd8,106
50797a62,6
50ac326d,1
50f7ab2f,615
519f5e8c,7
522580f6,15
52c67a67,3110
5313517f,582
53837936,3
5479854b,2
549ebcb5,2
54e6fb06,16372
5576d380,2
559c44cc,1
56451959,1842
56da7f73,76
56dab055,812
579893d6,1661
5a55dc23,2772
5a95675b,289
5aae7ba3,1
5c336903,28
5c727514,165
5f4102a4,11
5f483e36,594
5fde2c02,1
609ab969,1856
61f44b54,8
6256f5b4,315840
62e26fa8,8
65cf8a1b,342
66095cf2,19
666771d6,58
68473417,29
695016bf,2
698f37db,30
6b2e97c5,3
6bdcda77,2376
6cbf3904,244
6d99ad8b,147
6e0697bd,3130
6fc15803,1
7088862f,179
70cd5ee8,13
70ce24b7,8
70dd8336,88
70ed6df4,5134
7166f4e9,427
71f71925,1093
7443a906,22676
75012687,5
7521daa2,1
756df6f9,12
75ce76a3,11
760bf05a,14
763aa9ad,3300
78776c14,242
788c5725,38
7aede992,119
7b099edc,1
7b5f49ae,13
7baa6969,83
7c00223c,21
7ce4f659,3
7d272359,798
7df88e33,253
7dfe7ae2,2
7e0849a8,56
7eff1169,2687
7f29b648,37
7f9a9620,22
80359d85,81
80c247a5,93
80e400d2,6
8126b828,172
81318160,20
815c2cc6,52
83776437,4
849bf4af,84
84bfe282,3727
8531333c,597
860e6dda,52
88bc3ec5,4
89163b3c,115
89484bbe,991
8afb8de6,2
8cbacf0b,5328
8d41b245,77
8dc965dd,129
8f85b7f5,1021
8fd988d0,463
911fd6b7,153
917f6df9,58
92c7cbe7,99200
936b47fd,79
957613b7,27
98902b4d,1109
98ef8561,6
99b4d81e,45
9a032bf6,12
9bd15d9a,156
9cc8fc42,14
9e293f11,296
9fbee5b4,1
9fd919ea,18
a0c536e1,4
a1123bfd,13
a1566b26,22
a1bf8bc2,25
a1eae508,3
a2cd448b,2307
a35af04b,1376
a52333d6,38
a5c559cc,287
a5eeacbf,3
a6ee9663,40
a73ba730,53
a7864d18,2
a8dcd402,42
aaec060a,63
ab4ed08b,5
ac195635,33
ac843452,202
acc650b1,522
ad371100,5
ae150f65,1
aed85b19,7
b035f744,4
b0707a73,3
b10189ab,917
b1466b94,938
b21001c3,2
b25aa6e9,2
b47691e1,2
b5165f9e,3
b657ab88,5
b8ef7c84,13
b90ec991,434
b9c73684,1
bb4524e7,168279
bc2cab44,696
bd7ee0fb,1
be255eb1,48
be78eb00,250
c078e342,3
c1e9bf32,104
c3a89a0a,160
c4f3c3f5,327
c4f81108,1398
c50b4da8,13
c5ce1d83,8
c7187952,76
c7357eb5,1
c7636eae,5183
c8b89cd8,1
c8de7bb1,56
ca559443,1
ca781b09,17
cb87a34c,44
cbabd2a4,1246
cc1b7a47,11354
cc7beb1b,435
cdf91130,155
ce4f2590,74
ce5ad4c4,1452
cf202efc,5
cfa59b9c,3
d35c370f,759
d5d760f7,5461
d6cf02db,6
d6d56f83,9
d8386570,1
d8507ff2,1
d9490ec9,30
d95a745c,9
db34c7a9,1959
db45d754,9624
dbf9e4fd,2
dcc019de,51042
dfb4663b,1214
e035d48a,247
e2d816b7,132
e3f433b0,36
e41fe8c5,2
e647457e,205
e66a75d9,9
e681687c,25
e7a70464,1
e8692a75,3251
e8ffea3a,19
ea30701b,5
ec2bc575,80
ee80e940,145
efa90157,21
f1b5c97e,1428
f21fe5c9,82
f27ff6bc,1
f426bfcf,18
f60b80c5,2
f6202c04,1
f6c4579a,1
f7773873,9
f7e20427,28
f908b600,23
f9e1a388,9432
f9fa764d,133
fae610c6,782
fb28c45d,8
fbefe81c,403
fc7bc817,25
fdb923ed,1
ff9d066a,1252
