lightgbm_weight,deepfm_weight,auc,logloss,brier,average_precision,mean_predicted_ctr,calibration_gap,search_phase
0.0,1.0,0.7436862962207268,0.38244357424674646,0.11808993852178214,0.34998524223291283,0.15510162216303516,0.0018663778369648332,coarse
0.01,0.99,0.7438026228651919,0.382368843587246,0.11807346410669067,0.3501746924484498,0.15512914959842355,0.0018388504015764418,coarse
0.02,0.98,0.7439165201564097,0.3822961587803714,0.11805728185093473,0.35035591047052556,0.155156677033812,0.0018113229661879948,coarse
0.03,0.97,0.7440281077053073,0.38222540556003304,0.11804139175451431,0.3505245210309594,0.1551842044692004,0.0017837955307996034,coarse
0.04,0.96,0.7441380848443602,0.3821564949554928,0.11802579381742936,0.35070288481162093,0.1552117319045888,0.0017562680954111842,coarse
0.05,0.95,0.7442460223858629,0.3820893548597138,0.11801048803967995,0.35087889799200744,0.15523925933997726,0.0017287406600227373,coarse
0.06,0.94,0.7443523452100766,0.38202392507753963,0.11799547442126604,0.3510557173476783,0.15526678677536565,0.0017012132246343459,coarse
0.07,0.9299999999999999,0.7444555561098156,0.38196015421023183,0.11798075296218763,0.351225020660337,0.1552943142107541,0.001673685789245899,coarse
0.08,0.92,0.7445576551599391,0.3818979975871984,0.11796632366244475,0.35140544854979966,0.15532184164614252,0.0016461583538574798,coarse
0.09,0.91,0.7446564639573937,0.3818374158324796,0.11795218652203734,0.3515696347161904,0.15534936908153096,0.0016186309184690328,coarse
0.1,0.9,0.7447537111475917,0.3817783738354803,0.11793834154096547,0.35175944373350526,0.15537689651691933,0.0015911034830806692,coarse
0.11,0.89,0.744850045416532,0.3817208399898786,0.1179247887192291,0.35195409506730735,0.15540442395230777,0.0015635760476922222,coarse
0.12,0.88,0.7449435009977715,0.381664785616654,0.11791152805682824,0.35212918548654293,0.1554319513876962,0.001536048612303803,coarse
0.13,0.87,0.745033669046833,0.38161018451727974,0.11789855955376287,0.3522741055190214,0.1554594788230846,0.001508521176915384,coarse
0.14,0.86,0.7451218219978787,0.381557012621283,0.11788588321003303,0.35243382090490627,0.15548700625847303,0.0014809937415269647,coarse
0.15,0.85,0.7452080076710973,0.3815052477037439,0.11787349902563868,0.352600852502841,0.15551453369386145,0.0014534663061385455,coarse
0.16,0.84,0.7452909752300036,0.38145486915563304,0.11786140700057987,0.35274057195236097,0.15554206112924987,0.0014259388707501264,coarse
0.17,0.83,0.7453723759069234,0.3814058577947607,0.11784960713485655,0.35286859184717245,0.1555695885646383,0.0013984114353617072,coarse
0.18,0.8200000000000001,0.7454516791909704,0.3813581957084137,0.11783809942846872,0.35299396688176576,0.1555971160000267,0.001370883999973288,coarse
0.19,0.81,0.7455282650822135,0.3813118661210594,0.1178268838814164,0.3531116203917395,0.1556246434354151,0.0013433565645848966,coarse
0.2,0.8,0.7456028815494642,0.3812668532821222,0.11781596049369962,0.35322984422584064,0.15565217087080352,0.0013158291291964774,coarse
0.21,0.79,0.7456760876234242,0.3812231423700148,0.11780532926531831,0.3533438604471143,0.15567969830619194,0.0012883016938080583,coarse
0.22,0.78,0.7457477148754645,0.38118071940946474,0.11779499019627256,0.35345460309719384,0.15570722574158036,0.001260774258419639,coarse
0.23,0.77,0.7458167354133489,0.3811395711998168,0.11778494328656225,0.35356049280803065,0.15573475317696878,0.00123324682303122,coarse
0.24,0.76,0.7458845523908385,0.38109968525247545,0.11777518853618749,0.3536671262321532,0.15576228061235722,0.001205719387642773,coarse
0.25,0.75,0.7459486318064602,0.3810610497360144,0.11776572594514824,0.3537701202505538,0.15578980804774564,0.0011781919522543538,coarse
0.26,0.74,0.7460120945471955,0.3810236534277691,0.1177565555134445,0.3538733651347782,0.15581733548313406,0.0011506645168659346,coarse
0.27,0.73,0.7460735898740792,0.3809874856709432,0.11774767724107625,0.35397380133535417,0.1558448629185225,0.0011231370814774877,coarse
0.28,0.72,0.7461311785454569,0.3809525363364368,0.11773909112804351,0.35406654643860686,0.15587239035391093,0.0010956096460890685,coarse
0.29,0.71,0.7461872742415239,0.3809187957887406,0.11773079717434629,0.3541573372757725,0.15589991778929932,0.001068082210700677,coarse
0.3,0.7,0.7462408907993556,0.3808862548553514,0.11772279537998456,0.35424106191355836,0.15592744522468774,0.001040554775312258,coarse
0.31,0.69,0.7462936394147164,0.3808549047992494,0.11771508574495836,0.3543257149081692,0.15595497266007613,0.0010130273399238665,coarse
0.32,0.6799999999999999,0.7463432908869376,0.38082473729405686,0.11770766826926765,0.3544076495905154,0.15598250009546455,0.0009854999045354473,coarse
0.33,0.6699999999999999,0.7463920530608326,0.3807957444015482,0.11770054295291246,0.3545001042381028,0.15601002753085297,0.0009579724691470282,coarse
0.34,0.6599999999999999,0.7464370541859529,0.38076791855123693,0.11769370979589278,0.3545795219766083,0.15603755496624142,0.0009304450337585812,coarse
0.35,0.65,0.7464804309360404,0.38074125252180174,0.1176871687982086,0.35465078695274277,0.15606508240162983,0.0009029175983701621,coarse
0.36,0.64,0.7465208645681285,0.38071573942414727,0.11768091995985992,0.35472398472684435,0.15609260983701825,0.0008753901629817429,coarse
0.37,0.63,0.7465600074631947,0.3806913726859245,0.11767496328084677,0.35478926569798075,0.15612013727240667,0.0008478627275933237,coarse
0.38,0.62,0.7465962369842981,0.38066814603735927,0.11766929876116912,0.35486250215119486,0.15614766470779506,0.0008203352922049323,coarse
0.39,0.61,0.7466318312404923,0.3806460534982542,0.11766392640082697,0.3549219964914456,0.15617519214318348,0.0007928078568165131,coarse
0.4,0.6,0.7466649665354271,0.38062508936605277,0.11765884619982034,0.35497707320786137,0.1562027195785719,0.0007652804214280939,coarse
0.41,0.5900000000000001,0.7466960361765524,0.3806052482048592,0.11765405815814922,0.35502968293598014,0.15623024701396035,0.000737752986039647,coarse
0.42,0.5800000000000001,0.746723986260714,0.380586524835331,0.11764956227581357,0.35507734387967466,0.15625777444934877,0.0007102255506512278,coarse
0.43,0.5700000000000001,0.7467496214789636,0.38056891432536183,0.11764535855281347,0.3551328018273049,0.1562853018847372,0.0006826981152628087,coarse
0.44,0.56,0.7467733146897261,0.3805524119814885,0.11764144698914886,0.3551818102901571,0.15631282932012558,0.0006551706798744172,coarse
0.45,0.55,0.7467939440229103,0.38053701334095985,0.11763782758481978,0.3552231056142286,0.15634035675551403,0.0006276432444859703,coarse
0.46,0.54,0.7468125992468116,0.3805227141644143,0.11763450033982618,0.3552623580750678,0.15636788419090247,0.0006001158090975234,coarse
0.47,0.53,0.7468288721970762,0.38050951042911785,0.1176314652541681,0.3552971302679405,0.15639541162629084,0.0005725883737091597,coarse
0.48,0.52,0.7468442201652391,0.38049739832271934,0.11762872232784553,0.3553212546522559,0.15642293906167926,0.0005450609383207405,coarse
0.49,0.51,0.7468568418990017,0.3804863742374866,0.11762627156085848,0.35535242220847546,0.15645046649706768,0.0005175335029323214,coarse
0.5,0.5,0.7468668753423789,0.38047643476498805,0.1176241129532069,0.3553759809679222,0.15647799393245612,0.0004900060675438744,coarse
0.51,0.49,0.7468737263703331,0.38046757669119013,0.11762224650489086,0.35539617566041143,0.15650552136784454,0.00046247863215545526,coarse
0.52,0.48,0.7468793082891704,0.38045979699194404,0.11762067221591033,0.35541352218799416,0.15653304880323296,0.0004349511967670361,coarse
0.53,0.47,0.7468824174780401,0.3804530928288373,0.11761939008626529,0.3554256512705855,0.15656057623862138,0.0004074237613786169,coarse
0.54,0.45999999999999996,0.7468824652528873,0.3804474615453889,0.11761840011595577,0.35543325763209616,0.1565881036740098,0.00037989632599019774,coarse
0.55,0.44999999999999996,0.7468802768746994,0.3804429006635691,0.11761770230498177,0.35543972728439,0.15661563110939822,0.00035236889060177856,coarse
0.56,0.43999999999999995,0.7468785371508425,0.3804394078806267,0.11761729665334325,0.3554507194776037,0.15664315854478664,0.0003248414552133594,coarse
0.57,0.43000000000000005,0.7468728439185762,0.38043698106620916,0.11761718316104025,0.35545607848715827,0.15667068598017503,0.00029731401982496797,coarse
0.58,0.42000000000000004,0.746865480546571,0.3804356182597623,0.11761736182807275,0.3554550068760621,0.15669821341556345,0.0002697865844365488,coarse
0.59,0.41000000000000003,0.7468564531861591,0.38043531766819816,0.11761783265444077,0.35545508090663375,0.15672574085095187,0.00024225914904812962,coarse
0.6,0.4,0.7468443036994308,0.3804360776638205,0.1176185956401443,0.35545170623020556,0.1567532682863403,0.0002147317136596827,coarse
0.61,0.39,0.7468299286393554,0.38043789678250056,0.11761965078518333,0.3554403403486892,0.15678079572172873,0.0001872042782712635,coarse
0.62,0.38,0.7468131652449935,0.38044077372209506,0.11762099808955788,0.35543186374057545,0.15680832315711715,0.00015967684288284434,coarse
0.63,0.37,0.7467936472475543,0.38044470734110053,0.11762263755326792,0.35541952728579784,0.15683585059250557,0.00013214940749442516,coarse
0.64,0.36,0.74677355867244,0.3804496966575398,0.11762456917631346,0.35539742101135324,0.156863378027894,0.00010462197210600599,coarse
0.65,0.35,0.7467501589271023,0.38045574084807804,0.11762679295869453,0.35537652594895974,0.1568909054632824,7.709453671758681e-05,coarse
0.66,0.33999999999999997,0.7467250634089535,0.3804628392473643,0.11762930890041112,0.355364599111491,0.15691843289867083,4.956710132916764e-05,coarse
0.67,0.32999999999999996,0.7466973355889183,0.3804709913475997,0.1176321170014632,0.35533786063665573,0.15694596033405925,2.2039665940748465e-05,coarse
0.68,0.31999999999999995,0.7466683554058999,0.38048019679833145,0.1176352172618508,0.35531722269304833,0.15697348776944767,5.4877694476707095e-06,coarse
0.69,0.31000000000000005,0.7466366967331011,0.38049045540647514,0.11763860968157389,0.3552869026224573,0.1570010152048361,3.3015204836089884e-05,coarse
0.7,0.30000000000000004,0.7466007443091343,0.3805017671365679,0.11764229426063251,0.3552632674618827,0.1570285426402245,6.054264022450906e-05,coarse
0.71,0.29000000000000004,0.7465640131294646,0.38051413211125684,0.1176462709990266,0.3552288391523583,0.15705607007561292,8.807007561292823e-05,coarse
0.72,0.28,0.7465266543627163,0.38052755061202925,0.11765053989675624,0.35519646472917954,0.15708359751100134,0.00011559751100134741,coarse
0.73,0.27,0.7464849900408914,0.38054202308019225,0.11765510095382137,0.35515753552394713,0.15711112494638976,0.00014312494638976658,coarse
0.74,0.26,0.746441054350785,0.3805575501181108,0.117659954170222,0.3551207447927251,0.15713865238177818,0.00017065238177818576,coarse
0.75,0.25,0.7463955035655435,0.3805741324907164,0.11766509954595815,0.3550669055379068,0.15716617981716657,0.00019817981716657718,coarse
0.76,0.24,0.7463468490475286,0.38059177112729975,0.1176705370810298,0.35501939314556274,0.157193707252555,0.00022570725255499635,coarse
0.77,0.22999999999999998,0.7462958153088726,0.3806104671236048,0.11767626677543698,0.3549675357612764,0.15722123468794344,0.0002532346879434433,coarse
0.78,0.21999999999999997,0.7462432646696975,0.3806302217442424,0.11768228862917965,0.3549121694052433,0.15724876212333186,0.00028076212333186246,coarse
0.79,0.20999999999999996,0.7461883094337445,0.38065103642544734,0.11768860264225782,0.35486360078939366,0.15727628955872025,0.0003082895587202539,coarse
0.8,0.19999999999999996,0.746130311267995,0.3806729127782057,0.11769520881467149,0.35480287988788495,0.1573038169941087,0.0003358169941087008,coarse
0.81,0.18999999999999995,0.7460705613931133,0.3806958525917835,0.11770210714642072,0.35474393619694516,0.15733134442949712,0.00036334442949712,coarse
0.82,0.18000000000000005,0.7460095434519696,0.3807198578376938,0.11770929763750541,0.354678986245511,0.15735887186488556,0.0003908718648855669,coarse
0.83,0.17000000000000004,0.745945409354476,0.3807449306741473,0.11771678028792562,0.3546060672615233,0.15738639930027395,0.00041839930027395833,coarse
0.84,0.16000000000000003,0.7458790746365844,0.38077107345103556,0.11772455509768133,0.35453371664842,0.15741392673566237,0.0004459267356623775,coarse
0.85,0.15000000000000002,0.745809583997831,0.38079828871551075,0.11773262206677257,0.35445140332453384,0.1574414541710508,0.0004734541710507967,coarse
0.86,0.14,0.7457387398240518,0.38082657921823165,0.11774098119519931,0.3543854449017793,0.1574689816064392,0.0005009816064392159,coarse
0.87,0.13,0.7456638479373008,0.3808559479203662,0.11774963248296155,0.35432883858746106,0.15749650904182763,0.000528509041827635,coarse
0.88,0.12,0.7455880940024764,0.38088639800145085,0.11775857593005931,0.35424691246613277,0.15752403647721605,0.0005560364772160542,coarse
0.89,0.10999999999999999,0.745510088543842,0.3809179328682372,0.11776781153649257,0.35417576319633715,0.15755156391260447,0.0005835639126044734,coarse
0.9,0.09999999999999998,0.7454303177131648,0.380950556164676,0.11777733930226134,0.3541013807685889,0.1575790913479929,0.0006110913479928926,coarse
0.91,0.08999999999999997,0.7453464524828651,0.38098427178322836,0.1177871592273656,0.3540239103487117,0.1576066187833813,0.0006386187833813117,coarse
0.92,0.07999999999999996,0.745261053621026,0.38101908387773636,0.1177972713118054,0.35393895856583635,0.15763414621876973,0.0006661462187697309,coarse
0.93,0.06999999999999995,0.7451738553356632,0.3810549968781419,0.1178076755555807,0.3538477722263628,0.15766167365415815,0.0006936736541581501,coarse
0.94,0.06000000000000005,0.7450854424719167,0.3810920155074176,0.11781837195869149,0.353759640757415,0.15768920108954654,0.0007212010895465415,coarse
0.95,0.050000000000000044,0.7449931369631932,0.38113014480117074,0.11782936052113781,0.35367767027428054,0.15771672852493496,0.0007487285249349607,coarse
0.96,0.040000000000000036,0.7448994444725169,0.38116939013051254,0.11784064124291961,0.35358249276325215,0.15774425596032338,0.0007762559603233798,coarse
0.97,0.030000000000000027,0.7448058892306186,0.3812097572289587,0.11785221412403694,0.3534881509246157,0.1577717833957118,0.000803783395711799,coarse
0.98,0.020000000000000018,0.7447095717984958,0.3812512522243686,0.11786407916448978,0.3533897064147766,0.15779931083110021,0.0008313108311002182,coarse
0.99,0.010000000000000009,0.7446106980115308,0.3812938816772635,0.11787623636427813,0.3532909683414319,0.15782683826648866,0.0008588382664886651,coarse
1.0,0.0,0.7445089892612029,0.38133765262733016,0.11788868572340196,0.35318495852783743,0.15785436570187708,0.0008863657018770843,coarse
0.57,0.43000000000000005,0.7468728439185762,0.38043698106620916,0.11761718316104025,0.35545607848715827,0.15667068598017503,0.00029731401982496797,fine
0.571,0.42900000000000005,0.7468722235256855,0.38043679693609705,0.1176171878805734,0.35545625368477135,0.1566734387237139,0.00029456127628610385,fine
0.572,0.42800000000000005,0.7468717356811685,0.3804366234440586,0.1176171955216999,0.3554558384819024,0.15667619146725273,0.0002918085327472675,fine
0.573,0.42700000000000005,0.7468708379190919,0.38043646058824265,0.11761720608441976,0.3554562441778575,0.15667894421079157,0.0002890557892084311,fine
0.574,0.42600000000000005,0.7468702271990584,0.38043630836681464,0.11761721956873299,0.35545560059168696,0.15668169695433043,0.000286303045669567,fine
0.575,0.42500000000000004,0.7468693746273625,0.3804361667779569,0.11761723597463956,0.35545833433610835,0.15668444969786924,0.0002835503021307584,fine
0.576,0.42400000000000004,0.746868642966384,0.38043603581986807,0.11761725530213948,0.3554576148497813,0.1566872024414081,0.00028079755859189426,fine
0.577,0.42300000000000004,0.7468678875162219,0.3804359154907639,0.11761727755123277,0.35545620187393157,0.15668995518494694,0.0002780448150530579,fine
0.578,0.42200000000000004,0.7468673028222204,0.3804358057888763,0.1176173027219194,0.3554571201221322,0.1566927079284858,0.00027529207151419377,fine
0.579,0.42100000000000004,0.7468664280029523,0.38043570671245397,0.11761733081419941,0.35545577987999505,0.15669546067202464,0.0002725393279753574,fine
0.58,0.42000000000000004,0.746865480546571,0.3804356182597623,0.11761736182807275,0.3554550068760621,0.15669821341556345,0.0002697865844365488,fine
0.581,0.41900000000000004,0.7468646742232243,0.38043554042908306,0.11761739576353948,0.3554548908133831,0.1567009661591023,0.00026703384089768467,fine
0.582,0.41800000000000004,0.7468637994644118,0.3804354732187145,0.11761743262059951,0.35545664331471816,0.15670371890264115,0.0002642810973588483,fine
0.583,0.41700000000000004,0.7468631200519771,0.38043541662697156,0.11761747239925294,0.35545746737923783,0.15670647164617998,0.00026152835382001194,fine
0.584,0.41600000000000004,0.7468623706775784,0.38043537065218574,0.11761751509949969,0.3554579719968726,0.15670922438971885,0.0002587756102811478,fine
0.585,0.41500000000000004,0.7468613558890413,0.3804353352927047,0.11761756072133982,0.35545769411833744,0.15671197713325766,0.0002560228667423392,fine
0.586,0.41400000000000003,0.746860846492189,0.38043531054689284,0.1176176092647733,0.3554564815820809,0.15671472987679652,0.0002532701232034751,fine
0.587,0.41300000000000003,0.7468600087622836,0.38043529641313084,0.11761766072980015,0.3554536779204557,0.15671748262033536,0.0002505173796646387,fine
0.588,0.41200000000000003,0.7468588963081144,0.380435292889816,0.11761771511642033,0.35545394444132095,0.1567202353638742,0.00024776463612580235,fine
0.589,0.41100000000000003,0.7468575370147159,0.38043529997536174,0.11761777242463388,0.35545409475420175,0.15672298810741306,0.00024501189258693823,fine
0.59,0.41000000000000003,0.7468564531861591,0.38043531766819816,0.11761783265444077,0.35545508090663375,0.15672574085095187,0.00024225914904812962,fine
0.591,0.40900000000000003,0.7468556472255448,0.3804353459667715,0.11761789580584103,0.3554548434355337,0.15672849359449076,0.00023950640550923774,fine
0.592,0.40800000000000003,0.7468546041590136,0.3804353848695444,0.11761796187883464,0.3554549338544616,0.15673124633802957,0.00023675366197042913,fine
0.593,0.40700000000000003,0.7468536049377315,0.3804354343749961,0.11761803087342161,0.3554548034675077,0.1567339990815684,0.00023400091843159276,fine
0.594,0.406,0.7468520274760571,0.38043549448162167,0.11761810278960193,0.3554524015834423,0.15673675182510727,0.00023124817489272864,fine
0.595,0.405,0.7468509089158968,0.3804355651879329,0.1176181776273756,0.35545239553603813,0.15673950456864608,0.00022849543135392003,fine
0.596,0.404,0.7468495054145171,0.38043564649245776,0.11761825538674263,0.3554505752354839,0.15674225731218497,0.00022574268781502815,fine
0.597,0.403,0.7468483564150836,0.3804357383937404,0.117618336067703,0.3554502629692844,0.15674501005572378,0.00022298994427621954,fine
0.598,0.402,0.7468469786223453,0.38043584089034116,0.11761841967025675,0.3554513060506983,0.1567477627992626,0.00022023720073738318,fine
0.599,0.401,0.7468454706087644,0.3804359539808369,0.11761850619440385,0.35545141497033284,0.15675051554280148,0.00021748445719851905,fine
0.6,0.4,0.7468443036994308,0.3804360776638205,0.1176185956401443,0.35545170623020556,0.1567532682863403,0.0002147317136596827,fine
0.601,0.399,0.7468428555215412,0.380436211937901,0.11761868800747811,0.3554508769746033,0.15675602102987918,0.00021197897012081857,fine
0.602,0.398,0.7468417309309588,0.38043635680170385,0.11761878329640525,0.3554521097277148,0.156758773773418,0.00020922622658200996,fine
0.603,0.397,0.7468403726048458,0.3804365122538705,0.11761888150692579,0.35545211523278897,0.15676152651695682,0.0002064734830431736,fine
0.604,0.396,0.7468388727527384,0.38043667829305855,0.11761898263903965,0.35545037747385255,0.1567642792604957,0.00020372073950430947,fine
0.605,0.395,0.7468373758176019,0.3804368549179418,0.11761908669274687,0.3554491803702717,0.1567670320040345,0.00020096799596550086,fine
0.606,0.394,0.7468358590531077,0.3804370421272105,0.11761919366804746,0.35544838334968537,0.15676978474757336,0.00019821525242663673,fine
0.607,0.393,0.746834507029466,0.3804372399195704,0.1176193035649414,0.3554474293213109,0.1567725374911122,0.00019546250888780037,fine
0.608,0.392,0.7468331042384369,0.3804374482937439,0.11761941638342867,0.3554456681155925,0.15677529023465103,0.000192709765348964,fine
0.609,0.391,0.746831271730718,0.3804376672484691,0.11761953212350933,0.35544190757827515,0.1567780429781899,0.00018995702181009988,fine
0.61,0.39,0.7468299286393554,0.38043789678250056,0.11761965078518333,0.3554403403486892,0.15678079572172873,0.0001872042782712635,fine
